Date,Close,Signal_LGB,Signal_RF,Signal_LR,Signal_BH
2021-07-23 00:00:00+00:00,2124.33,1.0,1.0,0.0,1.0
2021-07-24 00:00:00+00:00,2183.53,-1.0,0.0,0.0,1.0
2021-07-25 00:00:00+00:00,2188.11,1.0,0.0,1.0,1.0
2021-07-26 00:00:00+00:00,2227.41,1.0,1.0,1.0,1.0
2021-08-03 00:00:00+00:00,2506.87,-1.0,0.0,-1.0,1.0
2021-08-04 00:00:00+00:00,2725.0,1.0,1.0,-1.0,1.0
2021-08-05 00:00:00+00:00,2826.8,1.0,1.0,0.0,1.0
2021-08-06 00:00:00+00:00,2892.3,-1.0,0.0,-1.0,1.0
2021-08-07 00:00:00+00:00,3163.26,1.0,0.0,0.0,1.0
2021-08-08 00:00:00+00:00,3014.06,1.0,0.0,-1.0,1.0
2021-08-09 00:00:00+00:00,3163.43,1.0,1.0,-1.0,1.0
2021-08-10 00:00:00+00:00,3143.98,-1.0,0.0,-1.0,1.0
2021-08-11 00:00:00+00:00,3161.52,-1.0,-1.0,-1.0,1.0
2021-08-12 00:00:00+00:00,3046.74,-1.0,0.0,-1.0,1.0
2021-08-13 00:00:00+00:00,3324.12,-1.0,0.0,-1.0,1.0
2021-08-14 00:00:00+00:00,3266.31,-1.0,-1.0,-1.0,1.0
2021-08-15 00:00:00+00:00,3312.31,-1.0,0.0,-1.0,1.0
2021-08-16 00:00:00+00:00,3146.83,-1.0,0.0,-1.0,1.0
2021-08-17 00:00:00+00:00,3014.64,1.0,1.0,-1.0,1.0
2021-08-18 00:00:00+00:00,3014.25,0.0,0.0,-1.0,1.0
2021-08-19 00:00:00+00:00,3186.8,-1.0,0.0,-1.0,1.0
2021-08-20 00:00:00+00:00,3286.62,-1.0,0.0,-1.0,1.0
2021-08-21 00:00:00+00:00,3226.4,0.0,0.0,-1.0,1.0
2021-08-22 00:00:00+00:00,3241.29,1.0,0.0,-1.0,1.0
2021-08-23 00:00:00+00:00,3323.01,1.0,0.0,-1.0,1.0
2021-08-24 00:00:00+00:00,3173.98,-1.0,0.0,-1.0,1.0
2021-08-25 00:00:00+00:00,3227.9,-1.0,0.0,-1.0,1.0
2021-08-26 00:00:00+00:00,3093.77,1.0,0.0,-1.0,1.0
2021-08-27 00:00:00+00:00,3273.91,-1.0,0.0,-1.0,1.0
2021-08-28 00:00:00+00:00,3247.29,-1.0,0.0,-1.0,1.0
2021-08-29 00:00:00+00:00,3225.47,1.0,0.0,-1.0,1.0
2021-08-30 00:00:00+00:00,3230.43,-1.0,0.0,-1.0,1.0
2021-08-31 00:00:00+00:00,3430.49,1.0,1.0,-1.0,1.0
2021-09-01 00:00:00+00:00,3831.44,1.0,1.0,-1.0,1.0
2021-09-02 00:00:00+00:00,3788.95,-1.0,0.0,-1.0,1.0
2021-09-03 00:00:00+00:00,3942.79,-1.0,0.0,0.0,1.0
2021-09-04 00:00:00+00:00,3889.71,-1.0,0.0,-1.0,1.0
2021-09-05 00:00:00+00:00,3952.56,0.0,0.0,-1.0,1.0
2021-09-06 00:00:00+00:00,3929.0,-1.0,0.0,-1.0,1.0
2021-09-07 00:00:00+00:00,3435.0,-1.0,0.0,1.0,1.0
2021-09-08 00:00:00+00:00,3497.99,-1.0,0.0,0.0,1.0
2021-09-09 00:00:00+00:00,3426.42,-1.0,0.0,-1.0,1.0
2021-09-10 00:00:00+00:00,3209.84,-1.0,0.0,0.0,1.0
2021-09-11 00:00:00+00:00,3267.23,-1.0,0.0,-1.0,1.0
2021-09-12 00:00:00+00:00,3405.21,-1.0,0.0,-1.0,1.0
2021-09-13 00:00:00+00:00,3284.41,1.0,0.0,1.0,1.0
2021-09-14 00:00:00+00:00,3435.42,1.0,0.0,-1.0,1.0
2021-09-15 00:00:00+00:00,3614.72,0.0,0.0,-1.0,1.0
2021-09-16 00:00:00+00:00,3570.46,1.0,0.0,0.0,1.0
2021-09-17 00:00:00+00:00,3400.99,1.0,0.0,-1.0,1.0
2021-09-18 00:00:00+00:00,3435.35,0.0,0.0,-1.0,1.0
2021-09-19 00:00:00+00:00,3328.72,0.0,0.0,0.0,1.0
2021-09-20 00:00:00+00:00,2978.34,1.0,1.0,0.0,1.0
2021-09-21 00:00:00+00:00,2765.48,1.0,0.0,-1.0,1.0
2021-09-22 00:00:00+00:00,3076.62,1.0,1.0,-1.0,1.0
2021-09-23 00:00:00+00:00,3150.7,-1.0,0.0,-1.0,1.0
2021-09-24 00:00:00+00:00,2926.37,1.0,1.0,0.0,1.0
2021-09-25 00:00:00+00:00,2921.08,1.0,1.0,0.0,1.0
2021-09-26 00:00:00+00:00,3057.63,1.0,1.0,1.0,1.0
2021-09-27 00:00:00+00:00,2923.6,1.0,1.0,0.0,1.0
2021-09-28 00:00:00+00:00,2803.5,1.0,1.0,1.0,1.0
2021-09-29 00:00:00+00:00,2848.38,-1.0,0.0,1.0,1.0
2021-09-30 00:00:00+00:00,2999.45,1.0,1.0,1.0,1.0
2021-10-01 00:00:00+00:00,3308.58,1.0,1.0,1.0,1.0
2021-10-02 00:00:00+00:00,3387.25,-1.0,0.0,1.0,1.0
2021-10-03 00:00:00+00:00,3418.25,-1.0,-1.0,1.0,1.0
2021-10-04 00:00:00+00:00,3386.12,1.0,0.0,1.0,1.0
2021-10-05 00:00:00+00:00,3517.64,-1.0,-1.0,-1.0,1.0
2021-10-06 00:00:00+00:00,3576.85,-1.0,-1.0,0.0,1.0
2021-10-07 00:00:00+00:00,3589.85,-1.0,-1.0,0.0,1.0
2021-10-08 00:00:00+00:00,3563.81,-1.0,-1.0,-1.0,1.0
2021-10-09 00:00:00+00:00,3577.8,-1.0,-1.0,-1.0,1.0
2021-10-10 00:00:00+00:00,3415.01,-1.0,0.0,-1.0,1.0
2021-10-11 00:00:00+00:00,3543.1,1.0,0.0,-1.0,1.0
2021-10-12 00:00:00+00:00,3492.91,-1.0,0.0,-1.0,1.0
2021-10-13 00:00:00+00:00,3610.05,-1.0,-1.0,-1.0,1.0
2021-10-14 00:00:00+00:00,3794.19,0.0,0.0,-1.0,1.0
2021-10-15 00:00:00+00:00,3872.71,-1.0,0.0,-1.0,1.0
2021-10-16 00:00:00+00:00,3833.3,-1.0,-1.0,-1.0,1.0
2021-10-17 00:00:00+00:00,3851.01,-1.0,-1.0,-1.0,1.0
2021-10-18 00:00:00+00:00,3748.31,1.0,1.0,-1.0,1.0
2021-10-19 00:00:00+00:00,3881.48,-1.0,0.0,-1.0,1.0
2021-10-20 00:00:00+00:00,4164.14,-1.0,0.0,-1.0,1.0
2021-10-21 00:00:00+00:00,4057.26,-1.0,-1.0,-1.0,1.0
2021-10-22 00:00:00+00:00,3975.56,0.0,0.0,-1.0,1.0
2021-10-23 00:00:00+00:00,4170.5,-1.0,-1.0,-1.0,1.0
2021-10-24 00:00:00+00:00,4084.61,-1.0,0.0,-1.0,1.0
2021-10-25 00:00:00+00:00,4224.14,-1.0,0.0,-1.0,1.0
2021-10-26 00:00:00+00:00,4133.39,-1.0,-1.0,-1.0,1.0
2021-10-27 00:00:00+00:00,3923.57,-1.0,0.0,0.0,1.0
2021-10-28 00:00:00+00:00,4288.96,0.0,0.0,0.0,1.0
2021-10-29 00:00:00+00:00,4421.53,1.0,0.0,0.0,1.0
2021-10-30 00:00:00+00:00,4324.82,0.0,0.0,-1.0,1.0
2021-10-31 00:00:00+00:00,4288.86,1.0,1.0,-1.0,1.0
2021-11-01 00:00:00+00:00,4322.72,1.0,0.0,-1.0,1.0
2021-11-02 00:00:00+00:00,4593.88,1.0,0.0,-1.0,1.0
2021-11-03 00:00:00+00:00,4606.59,1.0,0.0,-1.0,1.0
2021-11-04 00:00:00+00:00,4535.37,1.0,0.0,-1.0,1.0
2021-11-05 00:00:00+00:00,4477.29,1.0,-1.0,-1.0,1.0
2021-11-06 00:00:00+00:00,4521.4,1.0,0.0,-1.0,1.0
2021-11-07 00:00:00+00:00,4616.5,-1.0,0.0,-1.0,1.0
2021-11-08 00:00:00+00:00,4814.3,0.0,0.0,-1.0,1.0
2021-11-09 00:00:00+00:00,4734.98,-1.0,-1.0,-1.0,1.0
2021-11-10 00:00:00+00:00,4632.21,0.0,1.0,-1.0,1.0
2021-11-11 00:00:00+00:00,4721.19,0.0,1.0,-1.0,1.0
2021-11-12 00:00:00+00:00,4665.99,1.0,1.0,-1.0,1.0
2021-11-13 00:00:00+00:00,4644.42,-1.0,0.0,-1.0,1.0
2021-11-14 00:00:00+00:00,4629.44,0.0,1.0,-1.0,1.0
2021-11-15 00:00:00+00:00,4567.01,0.0,0.0,0.0,1.0
2021-11-16 00:00:00+00:00,4209.42,1.0,1.0,0.0,1.0
2021-11-17 00:00:00+00:00,4287.99,0.0,1.0,-1.0,1.0
2021-11-18 00:00:00+00:00,3997.72,1.0,1.0,1.0,1.0
2021-11-19 00:00:00+00:00,4293.44,0.0,0.0,0.0,1.0
2021-11-20 00:00:00+00:00,4412.55,0.0,1.0,-1.0,1.0
2021-11-21 00:00:00+00:00,4259.23,1.0,0.0,-1.0,1.0
2021-11-22 00:00:00+00:00,4086.57,0.0,1.0,1.0,1.0
2021-11-23 00:00:00+00:00,4341.36,-1.0,0.0,1.0,1.0
2021-11-24 00:00:00+00:00,4271.29,-1.0,0.0,1.0,1.0
2021-11-25 00:00:00+00:00,4527.86,1.0,1.0,0.0,1.0
2021-11-26 00:00:00+00:00,4040.66,-1.0,0.0,1.0,1.0
2021-11-27 00:00:00+00:00,4095.33,-1.0,0.0,1.0,1.0
2021-11-28 00:00:00+00:00,4296.6,-1.0,1.0,1.0,1.0
2021-11-29 00:00:00+00:00,4445.1,-1.0,0.0,1.0,1.0
2021-11-30 00:00:00+00:00,4631.51,0.0,1.0,1.0,1.0
2021-12-01 00:00:00+00:00,4586.66,0.0,0.0,1.0,1.0
2021-12-02 00:00:00+00:00,4514.32,0.0,1.0,1.0,1.0
2021-12-03 00:00:00+00:00,4213.66,1.0,1.0,1.0,1.0
2021-12-04 00:00:00+00:00,4115.79,1.0,1.0,1.0,1.0
2021-12-05 00:00:00+00:00,4197.53,0.0,1.0,0.0,1.0
2021-12-06 00:00:00+00:00,4345.2,1.0,1.0,1.0,1.0
2021-12-07 00:00:00+00:00,4305.82,1.0,0.0,1.0,1.0
2021-12-08 00:00:00+00:00,4435.33,0.0,-1.0,0.0,1.0
2021-12-09 00:00:00+00:00,4103.8,0.0,1.0,1.0,1.0
2021-12-10 00:00:00+00:00,3895.95,1.0,1.0,1.0,1.0
2021-12-11 00:00:00+00:00,4089.81,1.0,0.0,0.0,1.0
2021-12-12 00:00:00+00:00,4129.0,1.0,0.0,-1.0,1.0
2021-12-13 00:00:00+00:00,3780.63,1.0,1.0,1.0,1.0
2021-12-14 00:00:00+00:00,3856.66,1.0,0.0,0.0,1.0
2021-12-15 00:00:00+00:00,4019.01,1.0,1.0,0.0,1.0
2021-12-16 00:00:00+00:00,3958.67,-1.0,0.0,0.0,1.0
2021-12-17 00:00:00+00:00,3873.93,1.0,1.0,0.0,1.0
2021-12-18 00:00:00+00:00,3957.64,0.0,0.0,-1.0,1.0
2021-12-19 00:00:00+00:00,3922.51,1.0,0.0,-1.0,1.0
2021-12-20 00:00:00+00:00,3943.48,-1.0,0.0,-1.0,1.0
2021-12-21 00:00:00+00:00,4014.38,-1.0,-1.0,-1.0,1.0
2021-12-22 00:00:00+00:00,3978.62,-1.0,-1.0,-1.0,1.0
2021-12-23 00:00:00+00:00,4111.3,0.0,1.0,-1.0,1.0
2021-12-24 00:00:00+00:00,4045.0,1.0,1.0,-1.0,1.0
2021-12-25 00:00:00+00:00,4093.87,1.0,0.0,0.0,1.0
2021-12-26 00:00:00+00:00,4062.24,-1.0,0.0,0.0,1.0
2021-12-27 00:00:00+00:00,4037.36,0.0,0.0,0.0,1.0
2021-12-28 00:00:00+00:00,3791.99,1.0,1.0,1.0,1.0
2021-12-29 00:00:00+00:00,3628.55,1.0,1.0,1.0,1.0
2021-12-30 00:00:00+00:00,3708.37,0.0,1.0,0.0,1.0
2021-12-31 00:00:00+00:00,3676.02,1.0,1.0,1.0,1.0
2022-01-01 00:00:00+00:00,3763.06,1.0,1.0,1.0,1.0
2022-01-02 00:00:00+00:00,3826.21,1.0,1.0,1.0,1.0
2022-01-03 00:00:00+00:00,3764.07,0.0,0.0,1.0,1.0
2022-01-04 00:00:00+00:00,3785.6,-1.0,1.0,1.0,1.0
2022-01-05 00:00:00+00:00,3537.71,1.0,1.0,1.0,1.0
2022-01-06 00:00:00+00:00,3404.6,1.0,1.0,1.0,1.0
2022-01-07 00:00:00+00:00,3196.58,1.0,1.0,1.0,1.0
2022-01-08 00:00:00+00:00,3080.03,1.0,1.0,1.0,1.0
2022-01-09 00:00:00+00:00,3150.0,1.0,1.0,1.0,1.0
2022-01-10 00:00:00+00:00,3081.31,1.0,1.0,1.0,1.0
2022-01-11 00:00:00+00:00,3236.86,1.0,1.0,1.0,1.0
2022-01-12 00:00:00+00:00,3369.93,1.0,1.0,1.0,1.0
2022-01-13 00:00:00+00:00,3240.36,1.0,1.0,1.0,1.0
2022-01-14 00:00:00+00:00,3305.6,1.0,1.0,1.0,1.0
2022-01-15 00:00:00+00:00,3324.05,1.0,1.0,1.0,1.0
2022-01-16 00:00:00+00:00,3345.49,1.0,1.0,1.0,1.0
2022-01-17 00:00:00+00:00,3208.61,1.0,1.0,1.0,1.0
2022-01-18 00:00:00+00:00,3159.32,1.0,1.0,1.0,1.0
2022-01-19 00:00:00+00:00,3082.81,1.0,1.0,1.0,1.0
2022-01-20 00:00:00+00:00,2999.92,1.0,0.0,1.0,1.0
2022-01-21 00:00:00+00:00,2566.91,1.0,1.0,1.0,1.0
2022-01-22 00:00:00+00:00,2410.96,1.0,1.0,1.0,1.0
2022-01-23 00:00:00+00:00,2538.41,1.0,1.0,1.0,1.0
2022-01-24 00:00:00+00:00,2438.13,1.0,1.0,1.0,1.0
2022-01-25 00:00:00+00:00,2457.37,1.0,1.0,1.0,1.0
2022-01-26 00:00:00+00:00,2461.61,1.0,1.0,1.0,1.0
2022-01-27 00:00:00+00:00,2422.61,1.0,1.0,1.0,1.0
2022-01-28 00:00:00+00:00,2543.34,1.0,1.0,1.0,1.0
2022-01-29 00:00:00+00:00,2599.94,1.0,0.0,1.0,1.0
2022-01-30 00:00:00+00:00,2600.45,-1.0,0.0,1.0,1.0
2022-01-31 00:00:00+00:00,2685.34,0.0,0.0,1.0,1.0
2022-02-01 00:00:00+00:00,2786.38,-1.0,-1.0,1.0,1.0
2022-02-02 00:00:00+00:00,2678.0,0.0,0.0,1.0,1.0
2022-02-03 00:00:00+00:00,2694.37,1.0,0.0,1.0,1.0
2022-02-04 00:00:00+00:00,2993.65,1.0,0.0,1.0,1.0
2022-02-05 00:00:00+00:00,3011.59,1.0,0.0,1.0,1.0
2022-02-06 00:00:00+00:00,3054.26,1.0,0.0,1.0,1.0
2022-02-07 00:00:00+00:00,3138.55,1.0,0.0,1.0,1.0
2022-02-08 00:00:00+00:00,3115.23,1.0,0.0,1.0,1.0
2022-02-09 00:00:00+00:00,3241.82,-1.0,0.0,0.0,1.0
2022-02-10 00:00:00+00:00,3070.9,1.0,0.0,1.0,1.0
2022-02-11 00:00:00+00:00,2926.04,1.0,0.0,1.0,1.0
2022-02-12 00:00:00+00:00,2916.93,1.0,0.0,1.0,1.0
2022-02-13 00:00:00+00:00,2870.32,1.0,0.0,1.0,1.0
2022-02-14 00:00:00+00:00,2928.87,1.0,0.0,1.0,1.0
2022-02-15 00:00:00+00:00,3183.73,1.0,0.0,0.0,1.0
2022-02-16 00:00:00+00:00,3121.8,1.0,0.0,1.0,1.0
2022-02-17 00:00:00+00:00,2890.8,1.0,1.0,1.0,1.0
2022-02-18 00:00:00+00:00,2778.46,1.0,1.0,1.0,1.0
2022-02-19 00:00:00+00:00,2761.89,1.0,1.0,1.0,1.0
2022-02-20 00:00:00+00:00,2620.72,1.0,1.0,1.0,1.0
2022-02-21 00:00:00+00:00,2566.88,1.0,1.0,1.0,1.0
2022-02-22 00:00:00+00:00,2635.57,1.0,1.0,1.0,1.0
2022-02-23 00:00:00+00:00,2578.02,1.0,1.0,1.0,1.0
2022-02-24 00:00:00+00:00,2595.47,0.0,0.0,1.0,1.0
2022-02-25 00:00:00+00:00,2766.36,0.0,0.0,1.0,1.0
2022-02-26 00:00:00+00:00,2778.15,1.0,0.0,1.0,1.0
2022-02-27 00:00:00+00:00,2615.99,1.0,1.0,1.0,1.0
2022-02-28 00:00:00+00:00,2920.1,1.0,1.0,1.0,1.0
2022-03-01 00:00:00+00:00,2975.61,1.0,1.0,1.0,1.0
2022-03-02 00:00:00+00:00,2947.47,1.0,1.0,1.0,1.0
2022-03-03 00:00:00+00:00,2832.97,1.0,1.0,1.0,1.0
2022-03-04 00:00:00+00:00,2620.25,1.0,0.0,1.0,1.0
2022-03-05 00:00:00+00:00,2663.55,1.0,0.0,1.0,1.0
2022-03-06 00:00:00+00:00,2549.37,1.0,0.0,1.0,1.0
2022-03-07 00:00:00+00:00,2489.9,-1.0,0.0,1.0,1.0
2022-03-08 00:00:00+00:00,2575.49,1.0,0.0,1.0,1.0
2022-03-09 00:00:00+00:00,2726.37,1.0,0.0,1.0,1.0
2022-03-10 00:00:00+00:00,2605.44,1.0,1.0,1.0,1.0
2022-03-11 00:00:00+00:00,2555.89,1.0,1.0,1.0,1.0
2022-03-12 00:00:00+00:00,2567.64,1.0,0.0,1.0,1.0
2022-03-13 00:00:00+00:00,2514.07,1.0,0.0,1.0,1.0
2022-03-14 00:00:00+00:00,2588.96,1.0,0.0,1.0,1.0
2022-03-15 00:00:00+00:00,2617.29,-1.0,-1.0,1.0,1.0
2022-03-16 00:00:00+00:00,2772.78,1.0,0.0,1.0,1.0
2022-03-17 00:00:00+00:00,2810.74,1.0,-1.0,1.0,1.0
2022-03-18 00:00:00+00:00,2938.02,-1.0,0.0,1.0,1.0
2022-03-19 00:00:00+00:00,2950.0,-1.0,-1.0,1.0,1.0
2022-03-20 00:00:00+00:00,2860.47,1.0,0.0,1.0,1.0
2022-03-21 00:00:00+00:00,2889.08,0.0,0.0,1.0,1.0
2022-03-22 00:00:00+00:00,2968.49,1.0,0.0,1.0,1.0
2022-03-23 00:00:00+00:00,3035.55,-1.0,-1.0,1.0,1.0
2022-03-24 00:00:00+00:00,3109.89,-1.0,-1.0,1.0,1.0
2022-03-25 00:00:00+00:00,3101.37,-1.0,-1.0,1.0,1.0
2022-03-26 00:00:00+00:00,3143.47,-1.0,0.0,0.0,1.0
2022-03-27 00:00:00+00:00,3295.01,0.0,-1.0,1.0,1.0
2022-03-28 00:00:00+00:00,3333.62,-1.0,-1.0,1.0,1.0
2022-03-29 00:00:00+00:00,3399.0,-1.0,-1.0,1.0,1.0
2022-03-30 00:00:00+00:00,3385.1,-1.0,-1.0,1.0,1.0
2022-03-31 00:00:00+00:00,3281.43,1.0,0.0,1.0,1.0
2022-04-01 00:00:00+00:00,3454.33,-1.0,0.0,1.0,1.0
2022-04-02 00:00:00+00:00,3443.07,0.0,-1.0,1.0,1.0
2022-04-03 00:00:00+00:00,3520.76,-1.0,-1.0,1.0,1.0
2022-04-04 00:00:00+00:00,3518.96,0.0,0.0,1.0,1.0
2022-04-05 00:00:00+00:00,3405.04,0.0,0.0,1.0,1.0
2022-04-06 00:00:00+00:00,3166.78,0.0,0.0,1.0,1.0
2022-04-07 00:00:00+00:00,3225.15,1.0,0.0,1.0,1.0
2022-04-08 00:00:00+00:00,3191.26,1.0,0.0,1.0,1.0
2022-04-09 00:00:00+00:00,3257.53,1.0,0.0,1.0,1.0
2022-04-10 00:00:00+00:00,3200.24,1.0,0.0,1.0,1.0
2022-04-11 00:00:00+00:00,2978.69,1.0,1.0,1.0,1.0
2022-04-12 00:00:00+00:00,3026.3,1.0,0.0,1.0,1.0
2022-04-13 00:00:00+00:00,3116.45,1.0,0.0,1.0,1.0
2022-04-14 00:00:00+00:00,3019.82,0.0,0.0,1.0,1.0
2022-04-15 00:00:00+00:00,3039.19,1.0,0.0,1.0,1.0
2022-04-16 00:00:00+00:00,3057.99,0.0,-1.0,1.0,1.0
2022-04-17 00:00:00+00:00,2986.03,1.0,0.0,1.0,1.0
2022-04-18 00:00:00+00:00,3054.02,0.0,0.0,1.0,1.0
2022-04-19 00:00:00+00:00,3100.42,-1.0,0.0,1.0,1.0
2022-04-20 00:00:00+00:00,3074.01,0.0,0.0,1.0,1.0
2022-04-21 00:00:00+00:00,2981.31,1.0,0.0,1.0,1.0
2022-04-22 00:00:00+00:00,2960.38,0.0,-1.0,1.0,1.0
2022-04-23 00:00:00+00:00,2930.28,-1.0,-1.0,1.0,1.0
2022-04-24 00:00:00+00:00,2918.97,-1.0,-1.0,1.0,1.0
2022-04-25 00:00:00+00:00,3006.11,-1.0,0.0,1.0,1.0
2022-04-26 00:00:00+00:00,2807.88,1.0,1.0,1.0,1.0
2022-04-27 00:00:00+00:00,2887.57,1.0,1.0,1.0,1.0
2022-04-28 00:00:00+00:00,2935.39,1.0,0.0,1.0,1.0
2022-04-29 00:00:00+00:00,2815.37,1.0,1.0,1.0,1.0
2022-04-30 00:00:00+00:00,2725.1,1.0,1.0,1.0,1.0
2022-05-01 00:00:00+00:00,2823.38,-1.0,0.0,1.0,1.0
2022-05-02 00:00:00+00:00,2855.16,1.0,1.0,1.0,1.0
2022-05-03 00:00:00+00:00,2780.91,1.0,1.0,1.0,1.0
2022-05-04 00:00:00+00:00,2939.76,-1.0,1.0,1.0,1.0
2022-05-05 00:00:00+00:00,2746.37,-1.0,1.0,1.0,1.0
2022-05-06 00:00:00+00:00,2691.59,0.0,1.0,1.0,1.0
2022-05-07 00:00:00+00:00,2634.82,-1.0,0.0,1.0,1.0
2022-05-08 00:00:00+00:00,2518.9,1.0,1.0,1.0,1.0
2022-05-09 00:00:00+00:00,2227.48,1.0,1.0,1.0,1.0
2022-05-10 00:00:00+00:00,2340.86,-1.0,1.0,1.0,1.0
2022-05-11 00:00:00+00:00,2083.98,1.0,1.0,1.0,1.0
2022-05-12 00:00:00+00:00,1959.78,1.0,1.0,1.0,1.0
2022-05-13 00:00:00+00:00,2008.49,-1.0,1.0,1.0,1.0
2022-05-14 00:00:00+00:00,2055.0,-1.0,1.0,1.0,1.0
2022-05-15 00:00:00+00:00,2144.07,0.0,1.0,1.0,1.0
2022-05-16 00:00:00+00:00,2022.89,1.0,1.0,1.0,1.0
2022-05-17 00:00:00+00:00,2090.0,1.0,1.0,1.0,1.0
2022-05-18 00:00:00+00:00,1914.2,1.0,1.0,1.0,1.0
2022-05-19 00:00:00+00:00,2019.46,1.0,1.0,1.0,1.0
2022-05-20 00:00:00+00:00,1958.69,1.0,1.0,1.0,1.0
2022-05-21 00:00:00+00:00,1973.94,1.0,1.0,1.0,1.0
2022-05-22 00:00:00+00:00,2042.63,1.0,1.0,1.0,1.0
2022-05-23 00:00:00+00:00,1972.45,1.0,1.0,1.0,1.0
2022-05-24 00:00:00+00:00,1978.56,1.0,1.0,1.0,1.0
2022-05-25 00:00:00+00:00,1942.0,1.0,1.0,1.0,1.0
2022-05-26 00:00:00+00:00,1791.02,1.0,1.0,1.0,1.0
2022-05-27 00:00:00+00:00,1726.55,1.0,1.0,1.0,1.0
2022-05-28 00:00:00+00:00,1791.74,1.0,1.0,1.0,1.0
2022-05-29 00:00:00+00:00,1812.45,1.0,1.0,1.0,1.0
2022-05-30 00:00:00+00:00,1997.87,1.0,1.0,1.0,1.0
2022-05-31 00:00:00+00:00,1941.68,0.0,1.0,1.0,1.0
2022-06-01 00:00:00+00:00,1817.1,1.0,1.0,1.0,1.0
2022-06-02 00:00:00+00:00,1833.37,1.0,1.0,1.0,1.0
2022-06-03 00:00:00+00:00,1774.15,0.0,1.0,1.0,1.0
2022-06-04 00:00:00+00:00,1803.71,0.0,1.0,1.0,1.0
2022-06-05 00:00:00+00:00,1805.39,1.0,1.0,1.0,1.0
2022-06-06 00:00:00+00:00,1859.11,0.0,1.0,1.0,1.0
2022-06-07 00:00:00+00:00,1812.61,0.0,1.0,1.0,1.0
2022-06-08 00:00:00+00:00,1791.02,1.0,1.0,1.0,1.0
2022-06-09 00:00:00+00:00,1788.03,-1.0,0.0,1.0,1.0
2022-06-10 00:00:00+00:00,1661.95,1.0,1.0,1.0,1.0
2022-06-11 00:00:00+00:00,1532.19,1.0,1.0,1.0,1.0
2022-06-12 00:00:00+00:00,1434.35,1.0,1.0,1.0,1.0
2022-06-13 00:00:00+00:00,1209.04,1.0,1.0,1.0,1.0
2022-06-14 00:00:00+00:00,1208.32,1.0,1.0,1.0,1.0
2022-06-15 00:00:00+00:00,1236.49,1.0,1.0,1.0,1.0
2022-06-16 00:00:00+00:00,1067.77,1.0,1.0,1.0,1.0
2022-06-17 00:00:00+00:00,1085.99,1.0,1.0,1.0,1.0
2022-06-18 00:00:00+00:00,994.09,1.0,1.0,1.0,1.0
2022-06-19 00:00:00+00:00,1127.88,1.0,1.0,1.0,1.0
2022-06-20 00:00:00+00:00,1127.83,1.0,1.0,1.0,1.0
2022-06-21 00:00:00+00:00,1125.47,1.0,1.0,1.0,1.0
2022-06-22 00:00:00+00:00,1049.4,1.0,1.0,1.0,1.0
2022-06-23 00:00:00+00:00,1143.71,1.0,1.0,1.0,1.0
2022-06-24 00:00:00+00:00,1224.42,1.0,1.0,1.0,1.0
2022-06-25 00:00:00+00:00,1241.6,1.0,1.0,1.0,1.0
2022-06-26 00:00:00+00:00,1197.21,1.0,1.0,1.0,1.0
2022-06-27 00:00:00+00:00,1191.9,1.0,1.0,1.0,1.0
2022-06-28 00:00:00+00:00,1143.5,1.0,1.0,1.0,1.0
2022-06-29 00:00:00+00:00,1099.32,1.0,1.0,1.0,1.0
2022-06-30 00:00:00+00:00,1070.85,1.0,1.0,1.0,1.0
2022-07-01 00:00:00+00:00,1059.24,1.0,1.0,1.0,1.0
2022-07-02 00:00:00+00:00,1066.53,1.0,1.0,1.0,1.0
2022-07-03 00:00:00+00:00,1073.9,1.0,1.0,1.0,1.0
2022-07-04 00:00:00+00:00,1150.23,1.0,1.0,0.0,1.0
2022-07-05 00:00:00+00:00,1131.8,1.0,1.0,1.0,1.0
2022-07-06 00:00:00+00:00,1186.37,1.0,1.0,1.0,1.0
2022-07-07 00:00:00+00:00,1236.92,1.0,1.0,1.0,1.0
2022-07-08 00:00:00+00:00,1213.53,1.0,1.0,1.0,1.0
2022-07-09 00:00:00+00:00,1216.48,1.0,1.0,0.0,1.0
2022-07-10 00:00:00+00:00,1167.81,1.0,1.0,1.0,1.0
2022-07-11 00:00:00+00:00,1095.95,1.0,1.0,1.0,1.0
2022-07-12 00:00:00+00:00,1037.88,1.0,1.0,1.0,1.0
2022-07-13 00:00:00+00:00,1114.19,1.0,1.0,1.0,1.0
2022-07-14 00:00:00+00:00,1193.01,-1.0,1.0,1.0,1.0
2022-07-15 00:00:00+00:00,1230.58,1.0,1.0,1.0,1.0
2022-07-16 00:00:00+00:00,1355.37,1.0,1.0,1.0,1.0
2022-07-17 00:00:00+00:00,1338.27,1.0,1.0,1.0,1.0
2022-07-18 00:00:00+00:00,1580.12,1.0,1.0,1.0,1.0
2022-07-19 00:00:00+00:00,1541.39,1.0,1.0,1.0,1.0
2022-07-20 00:00:00+00:00,1521.34,1.0,1.0,1.0,1.0
2022-07-21 00:00:00+00:00,1575.39,1.0,1.0,1.0,1.0
2022-07-22 00:00:00+00:00,1534.53,1.0,1.0,1.0,1.0
2022-07-23 00:00:00+00:00,1548.01,1.0,1.0,1.0,1.0
2022-07-24 00:00:00+00:00,1597.77,0.0,0.0,1.0,1.0
2022-07-25 00:00:00+00:00,1440.4,1.0,0.0,1.0,1.0
2022-07-26 00:00:00+00:00,1448.27,0.0,1.0,0.0,1.0
2022-07-27 00:00:00+00:00,1635.45,0.0,0.0,0.0,1.0
2022-07-28 00:00:00+00:00,1723.82,1.0,1.0,-1.0,1.0
2022-07-29 00:00:00+00:00,1721.85,1.0,1.0,-1.0,1.0
2022-07-30 00:00:00+00:00,1696.68,-1.0,0.0,-1.0,1.0
2022-07-31 00:00:00+00:00,1677.63,1.0,0.0,-1.0,1.0
2022-08-01 00:00:00+00:00,1629.45,1.0,1.0,0.0,1.0
2022-08-02 00:00:00+00:00,1629.97,1.0,1.0,0.0,1.0
2022-08-03 00:00:00+00:00,1617.37,-1.0,0.0,-1.0,1.0
2022-08-04 00:00:00+00:00,1607.2,-1.0,1.0,0.0,1.0
2022-08-05 00:00:00+00:00,1737.13,1.0,0.0,0.0,1.0
2022-08-06 00:00:00+00:00,1689.85,1.0,0.0,-1.0,1.0
2022-08-07 00:00:00+00:00,1699.25,1.0,0.0,0.0,1.0
2022-08-08 00:00:00+00:00,1776.09,1.0,1.0,-1.0,1.0
2022-08-09 00:00:00+00:00,1702.04,1.0,1.0,1.0,1.0
2022-08-10 00:00:00+00:00,1853.24,1.0,1.0,0.0,1.0
2022-08-11 00:00:00+00:00,1879.35,1.0,1.0,0.0,1.0
2022-08-12 00:00:00+00:00,1957.4,-1.0,0.0,-1.0,1.0
2022-08-13 00:00:00+00:00,1982.8,0.0,0.0,-1.0,1.0
2022-08-14 00:00:00+00:00,1934.55,0.0,0.0,-1.0,1.0
2022-08-15 00:00:00+00:00,1898.56,1.0,1.0,1.0,1.0
2022-08-16 00:00:00+00:00,1875.78,-1.0,0.0,0.0,1.0
2022-08-17 00:00:00+00:00,1833.55,0.0,0.0,1.0,1.0
2022-08-18 00:00:00+00:00,1845.86,0.0,0.0,1.0,1.0
2022-08-19 00:00:00+00:00,1608.29,1.0,1.0,1.0,1.0
2022-08-20 00:00:00+00:00,1574.93,1.0,1.0,1.0,1.0
2022-08-21 00:00:00+00:00,1617.17,1.0,1.0,1.0,1.0
2022-08-22 00:00:00+00:00,1624.02,1.0,1.0,1.0,1.0
2022-08-23 00:00:00+00:00,1664.19,1.0,1.0,1.0,1.0
2022-08-24 00:00:00+00:00,1655.71,0.0,0.0,0.0,1.0
2022-08-25 00:00:00+00:00,1694.16,-1.0,0.0,-1.0,1.0
2022-08-26 00:00:00+00:00,1507.23,1.0,1.0,1.0,1.0
2022-08-27 00:00:00+00:00,1490.0,1.0,1.0,1.0,1.0
2022-08-28 00:00:00+00:00,1426.3,1.0,1.0,1.0,1.0
2022-08-29 00:00:00+00:00,1550.67,1.0,1.0,1.0,1.0
2022-08-30 00:00:00+00:00,1523.48,1.0,1.0,1.0,1.0
2022-08-31 00:00:00+00:00,1553.04,1.0,1.0,1.0,1.0
2022-09-01 00:00:00+00:00,1585.4,1.0,1.0,0.0,1.0
2022-09-02 00:00:00+00:00,1574.49,1.0,1.0,1.0,1.0
2022-09-03 00:00:00+00:00,1556.41,-1.0,0.0,-1.0,1.0
2022-09-04 00:00:00+00:00,1578.14,-1.0,0.0,-1.0,1.0
2022-09-05 00:00:00+00:00,1616.92,-1.0,0.0,0.0,1.0
2022-09-06 00:00:00+00:00,1558.23,1.0,1.0,1.0,1.0
2022-09-07 00:00:00+00:00,1629.35,1.0,1.0,0.0,1.0
2022-09-08 00:00:00+00:00,1634.22,1.0,0.0,0.0,1.0
2022-09-09 00:00:00+00:00,1717.48,1.0,1.0,0.0,1.0
2022-09-10 00:00:00+00:00,1773.05,0.0,0.0,-1.0,1.0
2022-09-11 00:00:00+00:00,1765.01,-1.0,0.0,-1.0,1.0
2022-09-12 00:00:00+00:00,1715.14,-1.0,1.0,0.0,1.0
2022-09-13 00:00:00+00:00,1571.9,1.0,1.0,1.0,1.0
2022-09-14 00:00:00+00:00,1635.39,0.0,1.0,0.0,1.0
2022-09-15 00:00:00+00:00,1471.93,1.0,1.0,1.0,1.0
2022-09-16 00:00:00+00:00,1433.58,1.0,1.0,0.0,1.0
2022-09-17 00:00:00+00:00,1467.96,0.0,1.0,-1.0,1.0
2022-09-18 00:00:00+00:00,1333.67,1.0,1.0,0.0,1.0
2022-09-19 00:00:00+00:00,1375.05,1.0,1.0,1.0,1.0
2022-09-20 00:00:00+00:00,1322.08,1.0,1.0,1.0,1.0
2022-09-21 00:00:00+00:00,1244.19,1.0,1.0,1.0,1.0
2022-09-22 00:00:00+00:00,1325.73,1.0,1.0,1.0,1.0
2022-09-23 00:00:00+00:00,1326.62,1.0,1.0,0.0,1.0
2022-09-24 00:00:00+00:00,1316.19,1.0,1.0,-1.0,1.0
2022-09-25 00:00:00+00:00,1293.99,0.0,1.0,-1.0,1.0
2022-09-26 00:00:00+00:00,1335.25,1.0,0.0,0.0,1.0
2022-09-27 00:00:00+00:00,1327.19,1.0,1.0,1.0,1.0
2022-09-28 00:00:00+00:00,1336.43,0.0,0.0,0.0,1.0
2022-09-29 00:00:00+00:00,1334.8,1.0,0.0,0.0,1.0
2022-09-30 00:00:00+00:00,1327.78,1.0,1.0,0.0,1.0
2022-10-01 00:00:00+00:00,1311.31,1.0,0.0,-1.0,1.0
2022-10-02 00:00:00+00:00,1275.96,0.0,1.0,-1.0,1.0
2022-10-03 00:00:00+00:00,1322.59,0.0,1.0,-1.0,1.0
2022-10-04 00:00:00+00:00,1360.73,0.0,1.0,-1.0,1.0
2022-10-05 00:00:00+00:00,1351.61,-1.0,0.0,-1.0,1.0
2022-10-06 00:00:00+00:00,1351.5,1.0,0.0,0.0,1.0
2022-10-07 00:00:00+00:00,1330.41,-1.0,1.0,-1.0,1.0
2022-10-08 00:00:00+00:00,1314.74,0.0,1.0,-1.0,1.0
2022-10-09 00:00:00+00:00,1322.61,1.0,1.0,0.0,1.0
2022-10-10 00:00:00+00:00,1289.56,1.0,1.0,1.0,1.0
2022-10-11 00:00:00+00:00,1279.68,1.0,1.0,1.0,1.0
2022-10-12 00:00:00+00:00,1294.02,1.0,1.0,0.0,1.0
2022-10-13 00:00:00+00:00,1286.38,1.0,1.0,1.0,1.0
2022-10-14 00:00:00+00:00,1295.35,1.0,1.0,0.0,1.0
2022-10-15 00:00:00+00:00,1274.13,0.0,1.0,0.0,1.0
2022-10-16 00:00:00+00:00,1305.51,-1.0,0.0,-1.0,1.0
2022-10-17 00:00:00+00:00,1330.62,0.0,0.0,-1.0,1.0
2022-10-18 00:00:00+00:00,1309.93,1.0,1.0,0.0,1.0
2022-10-19 00:00:00+00:00,1284.45,1.0,1.0,0.0,1.0
2022-10-20 00:00:00+00:00,1282.2,1.0,1.0,1.0,1.0
2022-10-21 00:00:00+00:00,1299.08,1.0,1.0,1.0,1.0
2022-10-22 00:00:00+00:00,1313.19,-1.0,0.0,-1.0,1.0
2022-10-23 00:00:00+00:00,1363.44,0.0,0.0,0.0,1.0
2022-10-24 00:00:00+00:00,1342.72,-1.0,0.0,0.0,1.0
2022-10-25 00:00:00+00:00,1459.2,0.0,1.0,1.0,1.0
2022-10-26 00:00:00+00:00,1565.45,-1.0,0.0,0.0,1.0
2022-10-27 00:00:00+00:00,1513.7,-1.0,0.0,0.0,1.0
2022-10-28 00:00:00+00:00,1553.79,-1.0,0.0,0.0,1.0
2022-10-29 00:00:00+00:00,1618.82,-1.0,0.0,0.0,1.0
2022-10-30 00:00:00+00:00,1589.89,-1.0,0.0,0.0,1.0
2022-10-31 00:00:00+00:00,1572.01,1.0,1.0,1.0,1.0
2022-11-01 00:00:00+00:00,1577.88,-1.0,-1.0,0.0,1.0
2022-11-02 00:00:00+00:00,1517.26,1.0,0.0,1.0,1.0
2022-11-03 00:00:00+00:00,1530.27,1.0,0.0,1.0,1.0
2022-11-04 00:00:00+00:00,1644.09,1.0,0.0,0.0,1.0
2022-11-05 00:00:00+00:00,1626.11,0.0,0.0,0.0,1.0
2022-11-06 00:00:00+00:00,1567.42,1.0,1.0,1.0,1.0
2022-11-07 00:00:00+00:00,1567.52,0.0,0.0,1.0,1.0
2022-11-08 00:00:00+00:00,1333.4,1.0,1.0,1.0,1.0
2022-11-09 00:00:00+00:00,1101.49,1.0,1.0,1.0,1.0
2022-11-10 00:00:00+00:00,1298.21,1.0,1.0,0.0,1.0
2022-11-11 00:00:00+00:00,1288.64,1.0,1.0,1.0,1.0
2022-11-12 00:00:00+00:00,1256.82,1.0,1.0,0.0,1.0
2022-11-13 00:00:00+00:00,1220.78,1.0,1.0,0.0,1.0
2022-11-14 00:00:00+00:00,1242.89,0.0,1.0,1.0,1.0
2022-11-15 00:00:00+00:00,1252.81,-1.0,0.0,0.0,1.0
2022-11-16 00:00:00+00:00,1215.78,0.0,0.0,0.0,1.0
2022-11-17 00:00:00+00:00,1199.7,0.0,0.0,1.0,1.0
2022-11-18 00:00:00+00:00,1212.04,-1.0,0.0,1.0,1.0
2022-11-19 00:00:00+00:00,1216.91,-1.0,0.0,1.0,1.0
2022-11-20 00:00:00+00:00,1141.57,1.0,1.0,1.0,1.0
2022-11-21 00:00:00+00:00,1106.95,1.0,1.0,1.0,1.0
2022-11-22 00:00:00+00:00,1139.11,0.0,1.0,1.0,1.0
2022-11-23 00:00:00+00:00,1183.83,0.0,1.0,0.0,1.0
2022-11-24 00:00:00+00:00,1202.92,-1.0,0.0,0.0,1.0
2022-11-25 00:00:00+00:00,1198.55,-1.0,0.0,0.0,1.0
2022-11-26 00:00:00+00:00,1204.84,-1.0,-1.0,0.0,1.0
2022-11-27 00:00:00+00:00,1193.26,1.0,0.0,0.0,1.0
2022-11-28 00:00:00+00:00,1167.21,0.0,0.0,1.0,1.0
2022-11-29 00:00:00+00:00,1215.74,-1.0,0.0,0.0,1.0
2022-11-30 00:00:00+00:00,1294.02,1.0,0.0,0.0,1.0
2022-12-01 00:00:00+00:00,1275.7,-1.0,0.0,0.0,1.0
2022-12-02 00:00:00+00:00,1295.0,-1.0,0.0,0.0,1.0
2022-12-03 00:00:00+00:00,1239.76,-1.0,0.0,0.0,1.0
2022-12-04 00:00:00+00:00,1278.82,1.0,0.0,0.0,1.0
2022-12-05 00:00:00+00:00,1258.66,0.0,0.0,1.0,1.0
2022-12-06 00:00:00+00:00,1270.72,-1.0,0.0,1.0,1.0
2022-12-07 00:00:00+00:00,1230.83,-1.0,0.0,1.0,1.0
2022-12-08 00:00:00+00:00,1279.73,1.0,1.0,0.0,1.0
2022-12-09 00:00:00+00:00,1262.31,0.0,0.0,1.0,1.0
2022-12-10 00:00:00+00:00,1265.88,1.0,0.0,0.0,1.0
2022-12-11 00:00:00+00:00,1262.43,0.0,0.0,0.0,1.0
2022-12-12 00:00:00+00:00,1274.88,-1.0,0.0,0.0,1.0
2022-12-13 00:00:00+00:00,1321.06,0.0,0.0,1.0,1.0
2022-12-14 00:00:00+00:00,1307.76,-1.0,0.0,0.0,1.0
2022-12-15 00:00:00+00:00,1266.26,0.0,0.0,1.0,1.0
2022-12-16 00:00:00+00:00,1166.2,1.0,1.0,1.0,1.0
2022-12-17 00:00:00+00:00,1186.45,1.0,1.0,1.0,1.0
2022-12-18 00:00:00+00:00,1182.45,1.0,1.0,1.0,1.0
2022-12-19 00:00:00+00:00,1167.21,1.0,1.0,1.0,1.0
2022-12-20 00:00:00+00:00,1216.21,1.0,1.0,1.0,1.0
2022-12-21 00:00:00+00:00,1213.21,-1.0,0.0,0.0,1.0
2022-12-22 00:00:00+00:00,1217.39,1.0,0.0,0.0,1.0
2022-12-23 00:00:00+00:00,1219.5,-1.0,0.0,-1.0,1.0
2022-12-24 00:00:00+00:00,1219.96,1.0,0.0,-1.0,1.0
2022-12-25 00:00:00+00:00,1217.96,0.0,0.0,0.0,1.0
2022-12-26 00:00:00+00:00,1227.57,1.0,0.0,-1.0,1.0
2022-12-27 00:00:00+00:00,1211.29,0.0,0.0,0.0,1.0
2022-12-28 00:00:00+00:00,1189.93,0.0,0.0,1.0,1.0
2022-12-29 00:00:00+00:00,1200.35,0.0,0.0,1.0,1.0
2022-12-30 00:00:00+00:00,1199.66,-1.0,0.0,1.0,1.0
2022-12-31 00:00:00+00:00,1196.1,1.0,0.0,1.0,1.0
2023-01-01 00:00:00+00:00,1199.96,0.0,0.0,1.0,1.0
2023-01-02 00:00:00+00:00,1213.23,0.0,0.0,1.0,1.0
2023-01-03 00:00:00+00:00,1214.23,0.0,0.0,1.0,1.0
2023-01-04 00:00:00+00:00,1256.39,1.0,0.0,1.0,1.0
2023-01-05 00:00:00+00:00,1251.08,0.0,0.0,0.0,1.0
2023-01-06 00:00:00+00:00,1268.54,0.0,0.0,1.0,1.0
2023-01-07 00:00:00+00:00,1263.65,-1.0,0.0,0.0,1.0
2023-01-08 00:00:00+00:00,1289.65,0.0,0.0,0.0,1.0
2023-01-09 00:00:00+00:00,1320.32,0.0,0.0,1.0,1.0
2023-01-10 00:00:00+00:00,1335.3,0.0,0.0,0.0,1.0
2023-01-11 00:00:00+00:00,1389.26,0.0,0.0,1.0,1.0
2023-01-12 00:00:00+00:00,1415.84,0.0,0.0,1.0,1.0
2023-01-13 00:00:00+00:00,1450.94,0.0,-1.0,1.0,1.0
2023-01-17 00:00:00+00:00,1565.84,1.0,0.0,1.0,1.0
2023-01-18 00:00:00+00:00,1511.66,-1.0,0.0,1.0,1.0
2023-01-19 00:00:00+00:00,1551.11,1.0,0.0,1.0,1.0
2023-01-20 00:00:00+00:00,1659.01,-1.0,0.0,0.0,1.0
2023-01-21 00:00:00+00:00,1627.63,-1.0,0.0,1.0,1.0
2023-01-22 00:00:00+00:00,1628.14,-1.0,0.0,1.0,1.0
2023-01-23 00:00:00+00:00,1626.9,-1.0,-1.0,1.0,1.0
2023-01-24 00:00:00+00:00,1555.99,1.0,0.0,1.0,1.0
2023-01-25 00:00:00+00:00,1611.41,1.0,1.0,1.0,1.0
2023-01-26 00:00:00+00:00,1600.69,1.0,1.0,1.0,1.0
2023-01-27 00:00:00+00:00,1597.08,1.0,1.0,1.0,1.0
2023-01-28 00:00:00+00:00,1571.52,1.0,1.0,1.0,1.0
2023-01-29 00:00:00+00:00,1645.67,1.0,1.0,1.0,1.0
2023-01-30 00:00:00+00:00,1565.92,1.0,1.0,1.0,1.0
2023-01-31 00:00:00+00:00,1585.02,1.0,1.0,1.0,1.0
2023-02-01 00:00:00+00:00,1641.8,1.0,0.0,1.0,1.0
2023-02-02 00:00:00+00:00,1643.81,-1.0,0.0,1.0,1.0
2023-02-03 00:00:00+00:00,1663.68,0.0,1.0,1.0,1.0
2023-02-04 00:00:00+00:00,1666.44,-1.0,-1.0,1.0,1.0
2023-02-05 00:00:00+00:00,1628.98,-1.0,0.0,1.0,1.0
2023-02-06 00:00:00+00:00,1613.9,0.0,1.0,1.0,1.0
2023-02-07 00:00:00+00:00,1670.51,1.0,0.0,1.0,1.0
2023-02-08 00:00:00+00:00,1650.26,-1.0,0.0,1.0,1.0
2023-02-09 00:00:00+00:00,1544.68,1.0,1.0,1.0,1.0
2023-02-10 00:00:00+00:00,1512.26,1.0,1.0,1.0,1.0
2023-02-11 00:00:00+00:00,1537.65,0.0,-1.0,1.0,1.0
2023-02-12 00:00:00+00:00,1514.49,0.0,1.0,1.0,1.0
2023-02-13 00:00:00+00:00,1504.85,1.0,1.0,1.0,1.0
2023-02-14 00:00:00+00:00,1554.94,1.0,1.0,1.0,1.0
2023-02-15 00:00:00+00:00,1675.0,1.0,0.0,1.0,1.0
2023-02-16 00:00:00+00:00,1639.0,1.0,1.0,1.0,1.0
2023-02-17 00:00:00+00:00,1694.12,1.0,1.0,1.0,1.0
2023-02-18 00:00:00+00:00,1691.66,1.0,0.0,0.0,1.0
2023-02-19 00:00:00+00:00,1680.31,1.0,1.0,1.0,1.0
2023-02-20 00:00:00+00:00,1703.7,1.0,1.0,1.0,1.0
2023-02-21 00:00:00+00:00,1659.2,1.0,0.0,1.0,1.0
2023-02-22 00:00:00+00:00,1642.01,1.0,1.0,1.0,1.0
2023-02-23 00:00:00+00:00,1649.69,0.0,0.0,1.0,1.0
2023-02-24 00:00:00+00:00,1607.12,1.0,1.0,1.0,1.0
2023-02-25 00:00:00+00:00,1593.59,1.0,1.0,1.0,1.0
2023-02-26 00:00:00+00:00,1640.49,1.0,0.0,1.0,1.0
2023-02-27 00:00:00+00:00,1632.6,1.0,-1.0,1.0,1.0
2023-02-28 00:00:00+00:00,1604.72,1.0,1.0,1.0,1.0
2023-03-01 00:00:00+00:00,1664.46,1.0,0.0,0.0,1.0
2023-03-02 00:00:00+00:00,1647.29,1.0,0.0,1.0,1.0
2023-03-03 00:00:00+00:00,1568.86,1.0,1.0,1.0,1.0
2023-03-04 00:00:00+00:00,1566.05,1.0,0.0,1.0,1.0
2023-03-05 00:00:00+00:00,1564.06,0.0,0.0,1.0,1.0
2023-03-06 00:00:00+00:00,1565.17,1.0,1.0,1.0,1.0
2023-03-07 00:00:00+00:00,1561.29,1.0,1.0,1.0,1.0
2023-03-08 00:00:00+00:00,1531.82,1.0,1.0,1.0,1.0
2023-03-09 00:00:00+00:00,1436.42,1.0,1.0,1.0,1.0
2023-03-10 00:00:00+00:00,1425.79,1.0,1.0,1.0,1.0
2023-03-11 00:00:00+00:00,1471.03,1.0,0.0,1.0,1.0
2023-03-12 00:00:00+00:00,1579.26,0.0,0.0,1.0,1.0
2023-03-13 00:00:00+00:00,1673.9,1.0,1.0,1.0,1.0
2023-03-14 00:00:00+00:00,1699.93,1.0,1.0,1.0,1.0
2023-03-15 00:00:00+00:00,1649.81,0.0,0.0,1.0,1.0
2023-03-16 00:00:00+00:00,1672.56,0.0,0.0,1.0,1.0
2023-03-17 00:00:00+00:00,1789.21,1.0,1.0,1.0,1.0
2023-03-18 00:00:00+00:00,1758.52,1.0,1.0,1.0,1.0
2023-03-19 00:00:00+00:00,1779.99,0.0,1.0,1.0,1.0
2023-03-20 00:00:00+00:00,1731.71,-1.0,0.0,1.0,1.0
2023-03-21 00:00:00+00:00,1800.14,0.0,0.0,1.0,1.0
2023-03-22 00:00:00+00:00,1733.61,1.0,1.0,1.0,1.0
2023-03-23 00:00:00+00:00,1813.27,1.0,0.0,1.0,1.0
2023-03-24 00:00:00+00:00,1748.77,1.0,1.0,1.0,1.0
2023-03-25 00:00:00+00:00,1741.02,1.0,0.0,1.0,1.0
2023-03-26 00:00:00+00:00,1772.63,0.0,1.0,1.0,1.0
2023-03-27 00:00:00+00:00,1714.35,1.0,0.0,1.0,1.0
2023-03-28 00:00:00+00:00,1772.09,1.0,1.0,1.0,1.0
2023-03-29 00:00:00+00:00,1791.89,0.0,-1.0,0.0,1.0
2023-03-30 00:00:00+00:00,1792.77,1.0,0.0,0.0,1.0
2023-03-31 00:00:00+00:00,1820.81,-1.0,0.0,0.0,1.0
2023-04-01 00:00:00+00:00,1819.82,0.0,0.0,-1.0,1.0
2023-04-02 00:00:00+00:00,1793.56,-1.0,1.0,1.0,1.0
2023-04-03 00:00:00+00:00,1809.68,0.0,0.0,1.0,1.0
2023-04-04 00:00:00+00:00,1869.11,0.0,0.0,1.0,1.0
2023-04-05 00:00:00+00:00,1907.48,1.0,0.0,1.0,1.0
2023-04-06 00:00:00+00:00,1871.33,1.0,0.0,1.0,1.0
2023-04-07 00:00:00+00:00,1862.87,-1.0,0.0,1.0,1.0
2023-04-08 00:00:00+00:00,1848.02,-1.0,0.0,1.0,1.0
2023-04-09 00:00:00+00:00,1857.84,0.0,1.0,1.0,1.0
2023-04-10 00:00:00+00:00,1908.9,1.0,0.0,1.0,1.0
2023-04-11 00:00:00+00:00,1888.89,1.0,0.0,1.0,1.0
2023-04-12 00:00:00+00:00,1916.86,0.0,0.0,1.0,1.0
2023-04-13 00:00:00+00:00,2011.8,0.0,1.0,1.0,1.0
2023-04-14 00:00:00+00:00,2099.77,0.0,0.0,1.0,1.0
2023-04-15 00:00:00+00:00,2091.2,-1.0,0.0,1.0,1.0
2023-04-16 00:00:00+00:00,2118.09,-1.0,0.0,1.0,1.0
2023-04-17 00:00:00+00:00,2074.49,0.0,0.0,1.0,1.0
2023-04-18 00:00:00+00:00,2103.29,0.0,1.0,1.0,1.0
2023-04-19 00:00:00+00:00,1932.83,1.0,1.0,1.0,1.0
2023-04-20 00:00:00+00:00,1942.11,1.0,-1.0,1.0,1.0
2023-04-21 00:00:00+00:00,1848.0,1.0,1.0,1.0,1.0
2023-04-22 00:00:00+00:00,1873.39,0.0,-1.0,1.0,1.0
2023-04-23 00:00:00+00:00,1861.3,0.0,0.0,1.0,1.0
2023-04-24 00:00:00+00:00,1841.19,1.0,1.0,1.0,1.0
2023-04-25 00:00:00+00:00,1865.4,1.0,1.0,1.0,1.0
2023-04-26 00:00:00+00:00,1865.02,0.0,1.0,1.0,1.0
2023-04-27 00:00:00+00:00,1907.67,1.0,0.0,1.0,1.0
2023-04-28 00:00:00+00:00,1890.13,0.0,0.0,0.0,1.0
2023-04-29 00:00:00+00:00,1907.01,-1.0,-1.0,-1.0,1.0
2023-04-30 00:00:00+00:00,1868.41,-1.0,0.0,0.0,1.0
2023-05-01 00:00:00+00:00,1829.97,-1.0,-1.0,1.0,1.0
2023-05-02 00:00:00+00:00,1869.2,-1.0,-1.0,1.0,1.0
2023-05-03 00:00:00+00:00,1904.74,-1.0,-1.0,1.0,1.0
2023-05-04 00:00:00+00:00,1876.13,-1.0,-1.0,1.0,1.0
2023-05-05 00:00:00+00:00,1992.56,-1.0,0.0,1.0,1.0
2023-05-06 00:00:00+00:00,1895.29,0.0,0.0,1.0,1.0
2023-05-07 00:00:00+00:00,1869.5,1.0,0.0,1.0,1.0
2023-05-08 00:00:00+00:00,1846.54,1.0,0.0,1.0,1.0
2023-05-09 00:00:00+00:00,1845.8,-1.0,-1.0,1.0,1.0
2023-05-10 00:00:00+00:00,1839.86,0.0,1.0,1.0,1.0
2023-05-11 00:00:00+00:00,1793.24,0.0,0.0,1.0,1.0
2023-05-12 00:00:00+00:00,1806.53,0.0,0.0,1.0,1.0
2023-05-13 00:00:00+00:00,1794.44,1.0,1.0,1.0,1.0
2023-05-14 00:00:00+00:00,1798.25,1.0,1.0,1.0,1.0
2023-05-15 00:00:00+00:00,1815.56,0.0,-1.0,1.0,1.0
2023-05-16 00:00:00+00:00,1823.53,0.0,-1.0,0.0,1.0
2023-05-17 00:00:00+00:00,1821.65,-1.0,-1.0,1.0,1.0
2023-05-18 00:00:00+00:00,1799.69,0.0,0.0,1.0,1.0
2023-05-19 00:00:00+00:00,1811.38,-1.0,0.0,0.0,1.0
2023-05-20 00:00:00+00:00,1818.59,-1.0,0.0,-1.0,1.0
2023-05-21 00:00:00+00:00,1803.89,0.0,0.0,0.0,1.0
2023-05-22 00:00:00+00:00,1816.67,0.0,0.0,1.0,1.0
2023-05-23 00:00:00+00:00,1853.36,0.0,0.0,1.0,1.0
2023-05-24 00:00:00+00:00,1798.84,0.0,0.0,1.0,1.0
2023-05-25 00:00:00+00:00,1804.65,0.0,0.0,1.0,1.0
2023-05-26 00:00:00+00:00,1826.81,0.0,0.0,0.0,1.0
2023-05-27 00:00:00+00:00,1828.85,1.0,0.0,0.0,1.0
2023-05-28 00:00:00+00:00,1908.36,0.0,0.0,0.0,1.0
2023-05-29 00:00:00+00:00,1891.5,0.0,0.0,1.0,1.0
2023-05-30 00:00:00+00:00,1899.81,-1.0,0.0,0.0,1.0
2023-05-31 00:00:00+00:00,1872.84,1.0,0.0,1.0,1.0
2023-06-01 00:00:00+00:00,1860.59,0.0,0.0,1.0,1.0
2023-06-02 00:00:00+00:00,1905.58,0.0,0.0,1.0,1.0
2023-06-03 00:00:00+00:00,1890.91,0.0,0.0,0.0,1.0
2023-06-04 00:00:00+00:00,1888.54,0.0,0.0,1.0,1.0
2023-06-05 00:00:00+00:00,1810.03,-1.0,0.0,1.0,1.0
2023-06-06 00:00:00+00:00,1883.26,0.0,0.0,1.0,1.0
2023-06-07 00:00:00+00:00,1831.31,0.0,0.0,1.0,1.0
2023-06-08 00:00:00+00:00,1844.94,1.0,0.0,1.0,1.0
2023-06-09 00:00:00+00:00,1839.61,0.0,0.0,1.0,1.0
2023-06-10 00:00:00+00:00,1750.64,0.0,0.0,1.0,1.0
2023-06-11 00:00:00+00:00,1751.8,1.0,0.0,1.0,1.0
2023-06-12 00:00:00+00:00,1741.61,0.0,0.0,1.0,1.0
2023-06-13 00:00:00+00:00,1739.24,0.0,0.0,1.0,1.0
2023-06-14 00:00:00+00:00,1650.18,1.0,0.0,1.0,1.0
2023-06-15 00:00:00+00:00,1665.64,1.0,0.0,1.0,1.0
2023-06-16 00:00:00+00:00,1717.31,0.0,0.0,1.0,1.0
2023-06-17 00:00:00+00:00,1727.2,1.0,0.0,0.0,1.0
2023-06-18 00:00:00+00:00,1719.99,1.0,0.0,0.0,1.0
2023-06-19 00:00:00+00:00,1736.21,1.0,-1.0,1.0,1.0
2023-06-20 00:00:00+00:00,1791.37,0.0,-1.0,0.0,1.0
2023-06-21 00:00:00+00:00,1888.31,-1.0,0.0,1.0,1.0
2023-06-22 00:00:00+00:00,1871.36,0.0,0.0,0.0,1.0
2023-06-23 00:00:00+00:00,1892.2,-1.0,0.0,0.0,1.0
2023-06-24 00:00:00+00:00,1874.48,0.0,-1.0,0.0,1.0
2023-06-25 00:00:00+00:00,1898.27,0.0,0.0,0.0,1.0
2023-06-26 00:00:00+00:00,1858.14,-1.0,0.0,1.0,1.0
2023-06-27 00:00:00+00:00,1889.05,0.0,-1.0,1.0,1.0
2023-06-28 00:00:00+00:00,1827.26,0.0,0.0,1.0,1.0
2023-06-29 00:00:00+00:00,1851.19,0.0,0.0,1.0,1.0
2023-06-30 00:00:00+00:00,1933.41,-1.0,0.0,1.0,1.0
2023-07-01 00:00:00+00:00,1924.08,1.0,0.0,0.0,1.0
2023-07-02 00:00:00+00:00,1937.69,1.0,0.0,0.0,1.0
2023-07-03 00:00:00+00:00,1955.0,0.0,0.0,0.0,1.0
2023-07-04 00:00:00+00:00,1935.72,1.0,0.0,0.0,1.0
2023-07-05 00:00:00+00:00,1909.88,1.0,1.0,1.0,1.0
2023-07-06 00:00:00+00:00,1844.82,-1.0,0.0,1.0,1.0
2023-07-07 00:00:00+00:00,1870.0,0.0,0.0,1.0,1.0
2023-07-08 00:00:00+00:00,1864.45,-1.0,0.0,0.0,1.0
2023-07-09 00:00:00+00:00,1861.81,0.0,0.0,1.0,1.0
2023-07-10 00:00:00+00:00,1879.34,-1.0,0.0,1.0,1.0
2023-07-11 00:00:00+00:00,1877.66,0.0,0.0,1.0,1.0
2023-07-12 00:00:00+00:00,1870.81,0.0,1.0,1.0,1.0
2023-07-13 00:00:00+00:00,2004.78,0.0,1.0,1.0,1.0
2023-07-14 00:00:00+00:00,1936.74,1.0,1.0,1.0,1.0
2023-07-15 00:00:00+00:00,1930.4,1.0,1.0,0.0,1.0
2023-07-16 00:00:00+00:00,1920.97,1.0,0.0,0.0,1.0
2023-07-17 00:00:00+00:00,1910.37,1.0,0.0,1.0,1.0
2023-07-18 00:00:00+00:00,1896.46,1.0,1.0,1.0,1.0
2023-07-19 00:00:00+00:00,1887.55,0.0,0.0,1.0,1.0
2023-07-20 00:00:00+00:00,1890.56,-1.0,0.0,1.0,1.0
2023-07-21 00:00:00+00:00,1890.84,1.0,1.0,1.0,1.0
2023-07-22 00:00:00+00:00,1865.6,1.0,1.0,1.0,1.0
2023-07-23 00:00:00+00:00,1887.86,1.0,1.0,0.0,1.0
2023-07-24 00:00:00+00:00,1849.04,0.0,0.0,1.0,1.0
2023-07-25 00:00:00+00:00,1856.91,0.0,0.0,1.0,1.0
2023-07-26 00:00:00+00:00,1870.98,0.0,0.0,0.0,1.0
2023-07-27 00:00:00+00:00,1860.28,1.0,1.0,0.0,1.0
2023-07-28 00:00:00+00:00,1873.39,1.0,1.0,-1.0,1.0
2023-07-29 00:00:00+00:00,1879.85,0.0,0.0,-1.0,1.0
2023-07-30 00:00:00+00:00,1860.76,1.0,1.0,0.0,1.0
2023-07-31 00:00:00+00:00,1855.39,1.0,1.0,1.0,1.0
2023-08-01 00:00:00+00:00,1873.05,0.0,0.0,0.0,1.0
2023-08-02 00:00:00+00:00,1839.07,-1.0,1.0,1.0,1.0
2023-08-03 00:00:00+00:00,1834.69,0.0,1.0,1.0,1.0
2023-08-04 00:00:00+00:00,1829.4,1.0,1.0,1.0,1.0
2023-08-05 00:00:00+00:00,1835.5,1.0,1.0,0.0,1.0
2023-08-06 00:00:00+00:00,1829.38,1.0,1.0,0.0,1.0
2023-08-07 00:00:00+00:00,1828.18,1.0,1.0,1.0,1.0
2023-08-08 00:00:00+00:00,1855.36,1.0,1.0,1.0,1.0
2023-08-09 00:00:00+00:00,1854.7,-1.0,1.0,0.0,1.0
2023-08-10 00:00:00+00:00,1851.42,0.0,1.0,0.0,1.0
2023-08-11 00:00:00+00:00,1848.04,1.0,1.0,-1.0,1.0
2023-08-12 00:00:00+00:00,1849.14,0.0,0.0,-1.0,1.0
2023-08-13 00:00:00+00:00,1840.09,1.0,1.0,0.0,1.0
2023-08-14 00:00:00+00:00,1844.81,0.0,1.0,1.0,1.0
2023-08-15 00:00:00+00:00,1828.28,1.0,1.0,1.0,1.0
2023-08-16 00:00:00+00:00,1807.19,1.0,1.0,1.0,1.0
2023-08-17 00:00:00+00:00,1681.0,1.0,0.0,1.0,1.0
2023-08-18 00:00:00+00:00,1660.76,0.0,1.0,1.0,1.0
2023-08-19 00:00:00+00:00,1668.69,1.0,0.0,0.0,1.0
2023-08-20 00:00:00+00:00,1684.16,0.0,1.0,0.0,1.0
2023-08-21 00:00:00+00:00,1666.79,1.0,1.0,1.0,1.0
2023-08-22 00:00:00+00:00,1634.5,1.0,1.0,1.0,1.0
2023-08-23 00:00:00+00:00,1678.8,0.0,0.0,0.0,1.0
2023-08-24 00:00:00+00:00,1660.22,1.0,0.0,0.0,1.0
2023-08-25 00:00:00+00:00,1653.24,0.0,0.0,0.0,1.0
2023-08-26 00:00:00+00:00,1646.28,0.0,-1.0,-1.0,1.0
2023-08-27 00:00:00+00:00,1657.59,-1.0,0.0,0.0,1.0
2023-08-28 00:00:00+00:00,1652.51,-1.0,0.0,1.0,1.0
2023-08-29 00:00:00+00:00,1728.51,1.0,0.0,0.0,1.0
2023-08-30 00:00:00+00:00,1704.39,1.0,0.0,0.0,1.0
2023-08-31 00:00:00+00:00,1645.27,1.0,0.0,1.0,1.0
2023-09-01 00:00:00+00:00,1628.19,-1.0,0.0,1.0,1.0
2023-09-02 00:00:00+00:00,1636.24,-1.0,0.0,0.0,1.0
2023-09-03 00:00:00+00:00,1635.02,-1.0,0.0,0.0,1.0
2023-09-04 00:00:00+00:00,1630.09,1.0,0.0,1.0,1.0
2023-09-05 00:00:00+00:00,1633.63,0.0,0.0,1.0,1.0
2023-09-06 00:00:00+00:00,1632.33,1.0,0.0,1.0,1.0
2023-09-07 00:00:00+00:00,1647.27,1.0,0.0,0.0,1.0
2023-09-08 00:00:00+00:00,1635.78,1.0,1.0,0.0,1.0
2023-09-09 00:00:00+00:00,1634.8,0.0,0.0,0.0,1.0
2023-09-10 00:00:00+00:00,1616.47,1.0,1.0,1.0,1.0
2023-09-11 00:00:00+00:00,1551.03,1.0,1.0,1.0,1.0
2023-09-12 00:00:00+00:00,1592.29,-1.0,0.0,1.0,1.0
2023-09-13 00:00:00+00:00,1606.68,0.0,0.0,0.0,1.0
2023-09-14 00:00:00+00:00,1625.65,0.0,0.0,0.0,1.0
2023-09-15 00:00:00+00:00,1640.67,1.0,1.0,0.0,1.0
2023-09-16 00:00:00+00:00,1633.68,0.0,0.0,0.0,1.0
2023-09-17 00:00:00+00:00,1621.62,1.0,1.0,0.0,1.0
2023-09-18 00:00:00+00:00,1635.63,-1.0,0.0,1.0,1.0
2023-09-19 00:00:00+00:00,1642.49,-1.0,0.0,0.0,1.0
2023-09-20 00:00:00+00:00,1621.6,1.0,1.0,1.0,1.0
2023-09-21 00:00:00+00:00,1583.0,1.0,1.0,1.0,1.0
2023-09-22 00:00:00+00:00,1592.28,-1.0,1.0,1.0,1.0
2023-09-23 00:00:00+00:00,1592.97,0.0,1.0,0.0,1.0
2023-09-24 00:00:00+00:00,1579.99,1.0,1.0,1.0,1.0
2023-09-25 00:00:00+00:00,1587.69,1.0,1.0,1.0,1.0
2023-09-26 00:00:00+00:00,1593.3,0.0,1.0,0.0,1.0
2023-09-27 00:00:00+00:00,1597.89,0.0,1.0,1.0,1.0
2023-09-28 00:00:00+00:00,1652.13,-1.0,0.0,0.0,1.0
2023-09-29 00:00:00+00:00,1666.61,-1.0,1.0,0.0,1.0
2023-09-30 00:00:00+00:00,1670.18,0.0,0.0,-1.0,1.0
2023-10-02 00:00:00+00:00,1661.49,0.0,0.0,1.0,1.0
2023-10-03 00:00:00+00:00,1656.18,-1.0,0.0,1.0,1.0
2023-10-04 00:00:00+00:00,1645.75,0.0,0.0,1.0,1.0
2023-10-05 00:00:00+00:00,1611.23,0.0,0.0,1.0,1.0
2023-10-06 00:00:00+00:00,1644.33,1.0,0.0,1.0,1.0
2023-10-07 00:00:00+00:00,1633.18,0.0,0.0,0.0,1.0
2023-10-08 00:00:00+00:00,1632.02,-1.0,-1.0,1.0,1.0
2023-10-09 00:00:00+00:00,1579.4,1.0,1.0,1.0,1.0
2023-10-10 00:00:00+00:00,1566.89,1.0,1.0,1.0,1.0
2023-10-11 00:00:00+00:00,1566.07,-1.0,0.0,1.0,1.0
2023-10-12 00:00:00+00:00,1538.81,0.0,1.0,1.0,1.0
2023-10-13 00:00:00+00:00,1551.55,0.0,1.0,1.0,1.0
2023-10-14 00:00:00+00:00,1554.15,0.0,0.0,0.0,1.0
2023-10-15 00:00:00+00:00,1557.25,1.0,1.0,0.0,1.0
2023-10-16 00:00:00+00:00,1598.61,0.0,0.0,1.0,1.0
2023-10-17 00:00:00+00:00,1563.99,1.0,0.0,1.0,1.0
2023-10-18 00:00:00+00:00,1562.65,-1.0,1.0,1.0,1.0
2023-10-19 00:00:00+00:00,1565.89,-1.0,0.0,1.0,1.0
2023-10-20 00:00:00+00:00,1603.14,0.0,0.0,1.0,1.0
2023-10-21 00:00:00+00:00,1628.29,0.0,0.0,0.0,1.0
2023-10-22 00:00:00+00:00,1662.83,0.0,0.0,0.0,1.0
2023-10-23 00:00:00+00:00,1766.35,0.0,0.0,1.0,1.0
2023-10-24 00:00:00+00:00,1784.31,0.0,0.0,1.0,1.0
2023-10-27 00:00:00+00:00,1780.02,0.0,0.0,0.0,1.0
2023-10-28 00:00:00+00:00,1776.76,-1.0,0.0,0.0,1.0
2023-10-29 00:00:00+00:00,1795.49,-1.0,0.0,0.0,1.0
2023-10-30 00:00:00+00:00,1809.81,-1.0,0.0,1.0,1.0
2023-10-31 00:00:00+00:00,1815.67,-1.0,-1.0,0.0,1.0
2023-11-01 00:00:00+00:00,1848.2,-1.0,0.0,0.0,1.0
2023-11-02 00:00:00+00:00,1800.68,-1.0,0.0,1.0,1.0
2023-11-03 00:00:00+00:00,1832.49,-1.0,0.0,0.0,1.0
2023-11-04 00:00:00+00:00,1856.08,-1.0,-1.0,-1.0,1.0
2023-11-05 00:00:00+00:00,1892.49,-1.0,0.0,0.0,1.0
2023-11-06 00:00:00+00:00,1901.71,-1.0,0.0,0.0,1.0
2023-11-07 00:00:00+00:00,1885.79,-1.0,0.0,0.0,1.0
2023-11-08 00:00:00+00:00,1888.42,-1.0,-1.0,0.0,1.0
2023-11-09 00:00:00+00:00,2122.92,-1.0,-1.0,0.0,1.0
2023-11-10 00:00:00+00:00,2079.1,0.0,0.0,0.0,1.0
2023-11-11 00:00:00+00:00,2054.52,-1.0,-1.0,0.0,1.0
2023-11-12 00:00:00+00:00,2046.08,-1.0,-1.0,-1.0,1.0
2023-11-13 00:00:00+00:00,2055.18,-1.0,-1.0,0.0,1.0
2023-11-14 00:00:00+00:00,1980.11,-1.0,0.0,1.0,1.0
2023-11-15 00:00:00+00:00,2059.29,-1.0,-1.0,0.0,1.0
2023-11-16 00:00:00+00:00,1962.13,0.0,0.0,1.0,1.0
2023-11-17 00:00:00+00:00,1961.21,-1.0,-1.0,1.0,1.0
2023-11-18 00:00:00+00:00,1963.19,-1.0,-1.0,0.0,1.0
2023-11-19 00:00:00+00:00,2012.46,0.0,0.0,0.0,1.0
2023-11-20 00:00:00+00:00,2022.41,1.0,0.0,0.0,1.0
2023-11-21 00:00:00+00:00,1933.44,1.0,0.0,1.0,1.0
2023-11-22 00:00:00+00:00,2063.91,1.0,0.0,0.0,1.0
2023-11-23 00:00:00+00:00,2062.68,-1.0,-1.0,-1.0,1.0
2023-11-24 00:00:00+00:00,2081.16,1.0,0.0,0.0,1.0
2023-11-25 00:00:00+00:00,2082.87,0.0,-1.0,-1.0,1.0
2023-11-26 00:00:00+00:00,2061.97,-1.0,0.0,0.0,1.0
2023-11-27 00:00:00+00:00,2027.57,1.0,0.0,1.0,1.0
2023-11-28 00:00:00+00:00,2048.2,-1.0,0.0,0.0,1.0
2023-11-29 00:00:00+00:00,2028.41,-1.0,-1.0,0.0,1.0
2023-11-30 00:00:00+00:00,2051.76,-1.0,-1.0,0.0,1.0
2023-12-01 00:00:00+00:00,2086.99,-1.0,0.0,0.0,1.0
2023-12-02 00:00:00+00:00,2165.28,-1.0,-1.0,0.0,1.0
2023-12-03 00:00:00+00:00,2193.24,0.0,0.0,-1.0,1.0
2023-12-04 00:00:00+00:00,2243.66,0.0,-1.0,0.0,1.0
2023-12-05 00:00:00+00:00,2293.97,1.0,0.0,0.0,1.0
2023-12-06 00:00:00+00:00,2233.29,0.0,0.0,0.0,1.0
2023-12-07 00:00:00+00:00,2357.04,0.0,0.0,0.0,1.0
2023-12-08 00:00:00+00:00,2360.82,0.0,-1.0,-1.0,1.0
2023-12-09 00:00:00+00:00,2342.4,-1.0,-1.0,-1.0,1.0
2023-12-10 00:00:00+00:00,2353.97,-1.0,-1.0,-1.0,1.0
2023-12-11 00:00:00+00:00,2225.56,-1.0,0.0,1.0,1.0
2023-12-12 00:00:00+00:00,2204.7,-1.0,0.0,0.0,1.0
2023-12-13 00:00:00+00:00,2261.44,0.0,0.0,0.0,1.0
2023-12-14 00:00:00+00:00,2316.54,-1.0,-1.0,0.0,1.0
2023-12-15 00:00:00+00:00,2221.71,-1.0,0.0,0.0,1.0
2023-12-16 00:00:00+00:00,2229.64,-1.0,0.0,-1.0,1.0
2023-12-17 00:00:00+00:00,2197.93,-1.0,0.0,0.0,1.0
2023-12-18 00:00:00+00:00,2220.48,0.0,0.0,0.0,1.0
2023-12-19 00:00:00+00:00,2179.02,0.0,0.0,0.0,1.0
2023-12-20 00:00:00+00:00,2203.95,0.0,0.0,0.0,1.0
2023-12-21 00:00:00+00:00,2241.35,-1.0,0.0,-1.0,1.0
2023-12-22 00:00:00+00:00,2326.53,0.0,0.0,-1.0,1.0
2023-12-23 00:00:00+00:00,2309.86,-1.0,-1.0,-1.0,1.0
2023-12-24 00:00:00+00:00,2265.43,-1.0,-1.0,-1.0,1.0
2023-12-25 00:00:00+00:00,2273.07,-1.0,-1.0,0.0,1.0
2023-12-26 00:00:00+00:00,2232.44,0.0,0.0,1.0,1.0
2023-12-27 00:00:00+00:00,2380.31,-1.0,0.0,-1.0,1.0
2023-12-28 00:00:00+00:00,2345.96,0.0,0.0,0.0,1.0
2023-12-29 00:00:00+00:00,2300.6,0.0,0.0,0.0,1.0
2023-12-30 00:00:00+00:00,2293.26,-1.0,-1.0,0.0,1.0
2023-12-31 00:00:00+00:00,2283.85,-1.0,-1.0,0.0,1.0
2024-01-01 00:00:00+00:00,2354.62,0.0,0.0,0.0,1.0
2024-01-02 00:00:00+00:00,2356.93,-1.0,-1.0,0.0,1.0
2024-01-03 00:00:00+00:00,2210.39,1.0,0.0,1.0,1.0
2024-01-04 00:00:00+00:00,2267.85,-1.0,0.0,0.0,1.0
2024-01-05 00:00:00+00:00,2268.93,-1.0,0.0,0.0,1.0
2024-01-06 00:00:00+00:00,2240.36,1.0,-1.0,-1.0,1.0
2024-01-07 00:00:00+00:00,2220.87,1.0,0.0,0.0,1.0
2024-01-08 00:00:00+00:00,2331.11,0.0,0.0,0.0,1.0
2024-01-09 00:00:00+00:00,2344.44,-1.0,0.0,0.0,1.0
2024-01-10 00:00:00+00:00,2585.82,-1.0,0.0,0.0,1.0
2024-01-11 00:00:00+00:00,2618.59,-1.0,0.0,0.0,1.0
2024-01-12 00:00:00+00:00,2523.3,0.0,0.0,1.0,1.0
2024-01-13 00:00:00+00:00,2578.5,0.0,0.0,0.0,1.0
2024-01-14 00:00:00+00:00,2474.36,-1.0,0.0,0.0,1.0
2024-01-15 00:00:00+00:00,2512.21,-1.0,0.0,1.0,1.0
2024-01-16 00:00:00+00:00,2587.4,-1.0,0.0,0.0,1.0
2024-01-17 00:00:00+00:00,2530.62,-1.0,0.0,0.0,1.0
2024-01-18 00:00:00+00:00,2471.29,1.0,0.0,1.0,1.0
2024-01-19 00:00:00+00:00,2492.46,0.0,0.0,0.0,1.0
2024-01-20 00:00:00+00:00,2472.27,-1.0,-1.0,0.0,1.0
2024-01-21 00:00:00+00:00,2457.02,0.0,0.0,0.0,1.0
2024-01-22 00:00:00+00:00,2314.33,1.0,1.0,1.0,1.0
2024-01-23 00:00:00+00:00,2241.67,1.0,1.0,1.0,1.0
2024-01-24 00:00:00+00:00,2234.62,1.0,1.0,0.0,1.0
2024-01-25 00:00:00+00:00,2218.02,1.0,1.0,1.0,1.0
2024-01-26 00:00:00+00:00,2266.72,0.0,0.0,0.0,1.0
2024-01-27 00:00:00+00:00,2266.99,1.0,0.0,0.0,1.0
2024-01-28 00:00:00+00:00,2256.0,0.0,0.0,0.0,1.0
2024-01-29 00:00:00+00:00,2316.52,1.0,0.0,-1.0,1.0
2024-01-30 00:00:00+00:00,2341.95,-1.0,0.0,-1.0,1.0
2024-01-31 00:00:00+00:00,2282.0,1.0,1.0,1.0,1.0
2024-02-01 00:00:00+00:00,2303.33,0.0,0.0,0.0,1.0
2024-02-02 00:00:00+00:00,2307.99,1.0,-1.0,0.0,1.0
2024-02-03 00:00:00+00:00,2295.42,1.0,0.0,0.0,1.0
2024-02-04 00:00:00+00:00,2288.66,1.0,0.0,0.0,1.0
2024-02-05 00:00:00+00:00,2300.83,-1.0,-1.0,0.0,1.0
2024-02-06 00:00:00+00:00,2371.74,0.0,0.0,0.0,1.0
2024-02-07 00:00:00+00:00,2424.22,1.0,0.0,0.0,1.0
2024-02-08 00:00:00+00:00,2418.76,0.0,-1.0,0.0,1.0
2024-02-09 00:00:00+00:00,2485.24,1.0,0.0,0.0,1.0
2024-02-10 00:00:00+00:00,2499.2,1.0,0.0,-1.0,1.0
2024-02-11 00:00:00+00:00,2506.1,1.0,0.0,-1.0,1.0
2024-02-12 00:00:00+00:00,2660.91,0.0,1.0,0.0,1.0
2024-02-13 00:00:00+00:00,2640.83,1.0,0.0,0.0,1.0
2024-02-14 00:00:00+00:00,2776.14,-1.0,0.0,0.0,1.0
2024-02-15 00:00:00+00:00,2824.54,-1.0,-1.0,0.0,1.0
2024-02-16 00:00:00+00:00,2803.69,-1.0,-1.0,0.0,1.0
2024-02-17 00:00:00+00:00,2787.43,-1.0,0.0,0.0,1.0
2024-02-18 00:00:00+00:00,2883.58,-1.0,-1.0,-1.0,1.0
2024-02-19 00:00:00+00:00,2946.55,-1.0,-1.0,0.0,1.0
2024-02-20 00:00:00+00:00,3017.21,-1.0,-1.0,0.0,1.0
2024-02-21 00:00:00+00:00,2969.65,-1.0,-1.0,0.0,1.0
2024-02-22 00:00:00+00:00,2972.8,-1.0,-1.0,0.0,1.0
2024-02-23 00:00:00+00:00,2923.35,-1.0,0.0,0.0,1.0
2024-02-24 00:00:00+00:00,2994.39,-1.0,0.0,-1.0,1.0
2024-02-25 00:00:00+00:00,3115.24,-1.0,-1.0,0.0,1.0
2024-02-26 00:00:00+00:00,3178.6,-1.0,-1.0,0.0,1.0
2024-02-27 00:00:00+00:00,3244.98,-1.0,-1.0,0.0,1.0
2024-02-28 00:00:00+00:00,3387.07,0.0,-1.0,0.0,1.0
2024-02-29 00:00:00+00:00,3343.15,0.0,-1.0,0.0,1.0
2024-03-01 00:00:00+00:00,3435.82,-1.0,-1.0,0.0,1.0
2024-03-02 00:00:00+00:00,3424.43,-1.0,-1.0,-1.0,1.0
2024-03-03 00:00:00+00:00,3491.77,-1.0,-1.0,-1.0,1.0
2024-03-04 00:00:00+00:00,3629.72,-1.0,-1.0,0.0,1.0
2024-03-05 00:00:00+00:00,3555.43,0.0,-1.0,1.0,1.0
2024-03-06 00:00:00+00:00,3822.36,-1.0,-1.0,0.0,1.0
2024-03-07 00:00:00+00:00,3871.69,-1.0,-1.0,0.0,1.0
2024-03-08 00:00:00+00:00,3886.04,-1.0,-1.0,0.0,1.0
2024-03-09 00:00:00+00:00,3908.15,-1.0,-1.0,-1.0,1.0
2024-03-10 00:00:00+00:00,3881.22,-1.0,-1.0,-1.0,1.0
2024-03-11 00:00:00+00:00,4070.52,-1.0,-1.0,0.0,1.0
2024-03-12 00:00:00+00:00,3984.18,0.0,-1.0,0.0,1.0
2024-03-13 00:00:00+00:00,4008.76,-1.0,-1.0,-1.0,1.0
2024-03-14 00:00:00+00:00,3884.99,-1.0,0.0,0.0,1.0
2024-03-15 00:00:00+00:00,3745.0,0.0,0.0,0.0,1.0
2024-03-16 00:00:00+00:00,3525.58,0.0,0.0,0.0,1.0
2024-03-17 00:00:00+00:00,3646.99,0.0,0.0,0.0,1.0
2024-03-18 00:00:00+00:00,3523.43,0.0,1.0,0.0,1.0
2024-03-19 00:00:00+00:00,3161.0,1.0,1.0,0.0,1.0
2024-03-20 00:00:00+00:00,3517.8,0.0,0.0,0.0,1.0
2024-03-21 00:00:00+00:00,3495.16,0.0,-1.0,0.0,1.0
2024-03-22 00:00:00+00:00,3339.0,0.0,0.0,0.0,1.0
2024-03-23 00:00:00+00:00,3330.96,0.0,1.0,0.0,1.0
2024-03-24 00:00:00+00:00,3457.16,-1.0,-1.0,0.0,1.0
2024-03-25 00:00:00+00:00,3592.94,0.0,0.0,0.0,1.0
2024-03-26 00:00:00+00:00,3589.64,-1.0,0.0,0.0,1.0
2024-03-27 00:00:00+00:00,3504.99,-1.0,0.0,0.0,1.0
2024-03-28 00:00:00+00:00,3563.99,0.0,0.0,0.0,1.0
2024-03-29 00:00:00+00:00,3512.46,0.0,0.0,0.0,1.0
2024-03-30 00:00:00+00:00,3508.66,-1.0,0.0,1.0,1.0
2024-03-31 00:00:00+00:00,3648.79,-1.0,-1.0,-1.0,1.0
2024-04-01 00:00:00+00:00,3506.52,1.0,0.0,1.0,1.0
2024-04-02 00:00:00+00:00,3280.76,1.0,1.0,1.0,1.0
2024-04-03 00:00:00+00:00,3313.29,0.0,0.0,0.0,1.0
2024-04-04 00:00:00+00:00,3329.65,1.0,0.0,0.0,1.0
2024-04-05 00:00:00+00:00,3319.66,1.0,1.0,0.0,1.0
2024-04-06 00:00:00+00:00,3353.15,1.0,1.0,-1.0,1.0
2024-04-07 00:00:00+00:00,3455.99,-1.0,-1.0,-1.0,1.0
2024-04-08 00:00:00+00:00,3697.6,1.0,0.0,-1.0,1.0
2024-04-09 00:00:00+00:00,3508.45,-1.0,0.0,0.0,1.0
2024-04-10 00:00:00+00:00,3547.64,-1.0,-1.0,0.0,1.0
2024-04-11 00:00:00+00:00,3504.43,-1.0,-1.0,-1.0,1.0
2024-04-12 00:00:00+00:00,3238.3,1.0,1.0,0.0,1.0
2024-04-13 00:00:00+00:00,3005.46,1.0,1.0,0.0,1.0
2024-04-14 00:00:00+00:00,3153.16,1.0,1.0,0.0,1.0
2024-04-15 00:00:00+00:00,3100.75,1.0,1.0,0.0,1.0
2024-04-16 00:00:00+00:00,3082.85,1.0,1.0,0.0,1.0
2024-04-17 00:00:00+00:00,2983.25,0.0,1.0,0.0,1.0
2024-04-18 00:00:00+00:00,3062.85,1.0,1.0,0.0,1.0
2024-04-19 00:00:00+00:00,3054.91,0.0,1.0,1.0,1.0
2024-04-20 00:00:00+00:00,3154.31,0.0,0.0,-1.0,1.0
2024-04-21 00:00:00+00:00,3145.73,0.0,0.0,-1.0,1.0
2024-04-22 00:00:00+00:00,3198.66,1.0,1.0,-1.0,1.0
2024-04-23 00:00:00+00:00,3218.04,1.0,0.0,-1.0,1.0
2024-04-24 00:00:00+00:00,3138.84,0.0,0.0,0.0,1.0
2024-04-25 00:00:00+00:00,3154.44,0.0,0.0,0.0,1.0
2024-04-26 00:00:00+00:00,3129.98,-1.0,-1.0,0.0,1.0
2024-04-27 00:00:00+00:00,3253.97,-1.0,0.0,0.0,1.0
2024-04-28 00:00:00+00:00,3262.28,-1.0,-1.0,0.0,1.0
2024-04-29 00:00:00+00:00,3215.27,0.0,0.0,0.0,1.0
2024-04-30 00:00:00+00:00,3012.58,0.0,0.0,1.0,1.0
2024-05-01 00:00:00+00:00,2970.61,0.0,0.0,0.0,1.0
2024-05-02 00:00:00+00:00,2984.8,0.0,0.0,0.0,1.0
2024-05-03 00:00:00+00:00,3100.83,1.0,0.0,0.0,1.0
2024-05-04 00:00:00+00:00,3115.46,0.0,0.0,-1.0,1.0
2024-05-05 00:00:00+00:00,3135.24,0.0,0.0,-1.0,1.0
2024-05-06 00:00:00+00:00,3061.5,0.0,0.0,0.0,1.0
2024-05-07 00:00:00+00:00,3004.55,0.0,0.0,0.0,1.0
2024-05-08 00:00:00+00:00,2972.93,1.0,0.0,0.0,1.0
2024-05-09 00:00:00+00:00,3034.75,-1.0,0.0,0.0,1.0
2024-05-10 00:00:00+00:00,2908.85,0.0,0.0,1.0,1.0
2024-05-11 00:00:00+00:00,2911.27,-1.0,0.0,0.0,1.0
2024-05-12 00:00:00+00:00,2927.73,-1.0,-1.0,0.0,1.0
2024-05-13 00:00:00+00:00,2949.71,0.0,0.0,0.0,1.0
2024-05-14 00:00:00+00:00,2880.87,0.0,0.0,1.0,1.0
2024-05-15 00:00:00+00:00,3030.66,0.0,0.0,0.0,1.0
2024-05-16 00:00:00+00:00,2943.22,0.0,0.0,0.0,1.0
2024-05-17 00:00:00+00:00,3090.48,0.0,0.0,0.0,1.0
2024-05-18 00:00:00+00:00,3121.59,-1.0,-1.0,-1.0,1.0
2024-05-19 00:00:00+00:00,3069.98,0.0,0.0,-1.0,1.0
2024-05-20 00:00:00+00:00,3664.39,-1.0,-1.0,1.0,1.0
2024-05-21 00:00:00+00:00,3792.32,-1.0,0.0,1.0,1.0
2024-05-22 00:00:00+00:00,3740.25,0.0,0.0,1.0,1.0
2024-05-23 00:00:00+00:00,3784.8,0.0,0.0,1.0,1.0
2024-05-24 00:00:00+00:00,3729.61,0.0,0.0,0.0,1.0
2024-05-25 00:00:00+00:00,3751.15,-1.0,0.0,0.0,1.0
2024-05-26 00:00:00+00:00,3827.53,0.0,0.0,0.0,1.0
2024-05-27 00:00:00+00:00,3896.09,-1.0,0.0,-1.0,1.0
2024-05-28 00:00:00+00:00,3847.0,1.0,0.0,0.0,1.0
2024-05-29 00:00:00+00:00,3770.0,0.0,0.0,0.0,1.0
2024-05-30 00:00:00+00:00,3750.39,0.0,0.0,0.0,1.0
2024-05-31 00:00:00+00:00,3764.35,1.0,0.0,0.0,1.0
2024-06-01 00:00:00+00:00,3817.49,1.0,0.0,-1.0,1.0
2024-06-02 00:00:00+00:00,3783.98,1.0,0.0,0.0,1.0
2024-06-03 00:00:00+00:00,3769.15,1.0,0.0,0.0,1.0
2024-06-04 00:00:00+00:00,3813.12,1.0,0.0,-1.0,1.0
2024-06-05 00:00:00+00:00,3868.61,0.0,0.0,-1.0,1.0
2024-06-06 00:00:00+00:00,3815.76,1.0,0.0,-1.0,1.0
2024-06-07 00:00:00+00:00,3679.82,1.0,0.0,0.0,1.0
2024-06-08 00:00:00+00:00,3682.11,-1.0,-1.0,-1.0,1.0
2024-06-09 00:00:00+00:00,3707.67,0.0,-1.0,-1.0,1.0
2024-06-10 00:00:00+00:00,3669.66,1.0,0.0,0.0,1.0
2024-06-11 00:00:00+00:00,3498.16,0.0,0.0,1.0,1.0
2024-06-12 00:00:00+00:00,3560.45,-1.0,0.0,0.0,1.0
2024-06-13 00:00:00+00:00,3469.18,0.0,0.0,1.0,1.0
2024-06-14 00:00:00+00:00,3480.51,0.0,0.0,0.0,1.0
2024-06-15 00:00:00+00:00,3567.87,-1.0,-1.0,0.0,1.0
2024-06-16 00:00:00+00:00,3622.96,-1.0,-1.0,0.0,1.0
2024-06-17 00:00:00+00:00,3509.56,0.0,0.0,1.0,1.0
2024-06-18 00:00:00+00:00,3482.34,0.0,0.0,1.0,1.0
2024-06-19 00:00:00+00:00,3558.85,-1.0,-1.0,0.0,1.0
2024-06-20 00:00:00+00:00,3511.26,0.0,0.0,0.0,1.0
2024-06-21 00:00:00+00:00,3517.18,0.0,0.0,0.0,1.0
2024-06-22 00:00:00+00:00,3494.26,-1.0,-1.0,-1.0,1.0
2024-06-23 00:00:00+00:00,3419.38,0.0,0.0,1.0,1.0
2024-06-24 00:00:00+00:00,3352.0,1.0,0.0,1.0,1.0
2024-06-25 00:00:00+00:00,3393.06,0.0,0.0,0.0,1.0
2024-06-26 00:00:00+00:00,3370.76,1.0,0.0,0.0,1.0
2024-06-27 00:00:00+00:00,3450.34,0.0,0.0,-1.0,1.0
2024-06-28 00:00:00+00:00,3379.51,0.0,0.0,0.0,1.0
2024-06-29 00:00:00+00:00,3377.62,-1.0,-1.0,-1.0,1.0
2024-06-30 00:00:00+00:00,3436.73,0.0,0.0,-1.0,1.0
2024-07-01 00:00:00+00:00,3440.46,0.0,0.0,0.0,1.0
2024-07-02 00:00:00+00:00,3420.43,0.0,0.0,0.0,1.0
2024-07-03 00:00:00+00:00,3294.75,1.0,0.0,0.0,1.0
2024-07-04 00:00:00+00:00,3059.31,0.0,1.0,0.0,1.0
2024-07-05 00:00:00+00:00,2980.43,1.0,0.0,0.0,1.0
2024-07-06 00:00:00+00:00,3065.5,0.0,0.0,-1.0,1.0
2024-07-07 00:00:00+00:00,2930.24,0.0,0.0,0.0,1.0
2024-07-08 00:00:00+00:00,3017.51,1.0,0.0,1.0,1.0
2024-07-09 00:00:00+00:00,3065.06,0.0,0.0,0.0,1.0
2024-07-10 00:00:00+00:00,3099.12,0.0,0.0,0.0,1.0
2024-07-11 00:00:00+00:00,3098.25,0.0,0.0,0.0,1.0
2024-07-12 00:00:00+00:00,3133.24,0.0,0.0,-1.0,1.0
2024-07-13 00:00:00+00:00,3174.01,0.0,0.0,-1.0,1.0
2024-07-14 00:00:00+00:00,3243.56,0.0,0.0,-1.0,1.0
2024-07-15 00:00:00+00:00,3481.62,0.0,0.0,-1.0,1.0
2024-07-16 00:00:00+00:00,3442.83,0.0,0.0,-1.0,1.0
2024-07-17 00:00:00+00:00,3386.0,1.0,0.0,-1.0,1.0
2024-07-18 00:00:00+00:00,3424.99,-1.0,0.0,-1.0,1.0
2024-07-19 00:00:00+00:00,3502.18,0.0,0.0,-1.0,1.0
2024-07-20 00:00:00+00:00,3516.03,0.0,0.0,-1.0,1.0
2024-07-21 00:00:00+00:00,3534.29,0.0,1.0,0.0,1.0
2024-07-22 00:00:00+00:00,3438.08,0.0,0.0,0.0,1.0
2024-07-23 00:00:00+00:00,3481.01,0.0,0.0,0.0,1.0
2024-07-24 00:00:00+00:00,3334.24,1.0,0.0,0.0,1.0
2024-07-25 00:00:00+00:00,3173.67,-1.0,0.0,0.0,1.0
2024-07-26 00:00:00+00:00,3272.82,0.0,0.0,-1.0,1.0
2024-07-27 00:00:00+00:00,3248.17,-1.0,0.0,0.0,1.0
2024-07-28 00:00:00+00:00,3268.03,1.0,0.0,-1.0,1.0
2024-07-29 00:00:00+00:00,3316.87,-1.0,-1.0,-1.0,1.0
2024-07-30 00:00:00+00:00,3278.17,-1.0,0.0,0.0,1.0
2024-07-31 00:00:00+00:00,3231.48,1.0,0.0,0.0,1.0
2024-08-01 00:00:00+00:00,3201.67,0.0,0.0,0.0,1.0
2024-08-02 00:00:00+00:00,2988.11,1.0,1.0,1.0,1.0
2024-08-03 00:00:00+00:00,2901.94,1.0,1.0,0.0,1.0
2024-08-04 00:00:00+00:00,2687.6,1.0,1.0,1.0,1.0
2024-08-05 00:00:00+00:00,2418.6,1.0,1.0,0.0,1.0
2024-08-06 00:00:00+00:00,2459.87,1.0,1.0,-1.0,1.0
2024-08-07 00:00:00+00:00,2341.41,1.0,1.0,0.0,1.0
2024-08-08 00:00:00+00:00,2681.59,-1.0,0.0,0.0,1.0
2024-08-09 00:00:00+00:00,2597.9,1.0,0.0,0.0,1.0
2024-08-10 00:00:00+00:00,2608.76,0.0,0.0,0.0,1.0
2024-08-11 00:00:00+00:00,2554.65,0.0,0.0,1.0,1.0
2024-08-12 00:00:00+00:00,2721.15,0.0,0.0,0.0,1.0
2024-08-13 00:00:00+00:00,2701.01,0.0,0.0,0.0,1.0
2024-08-14 00:00:00+00:00,2659.82,1.0,1.0,0.0,1.0
2024-08-15 00:00:00+00:00,2568.73,-1.0,0.0,0.0,1.0
2024-08-16 00:00:00+00:00,2591.52,0.0,0.0,0.0,1.0
2024-08-17 00:00:00+00:00,2613.18,-1.0,0.0,-1.0,1.0
2024-08-18 00:00:00+00:00,2610.67,0.0,0.0,0.0,1.0
2024-08-19 00:00:00+00:00,2635.15,-1.0,0.0,-1.0,1.0
2024-08-20 00:00:00+00:00,2571.51,0.0,0.0,0.0,1.0
2024-08-21 00:00:00+00:00,2629.38,-1.0,0.0,0.0,1.0
2024-08-22 00:00:00+00:00,2622.0,1.0,0.0,-1.0,1.0
2024-08-23 00:00:00+00:00,2761.58,0.0,0.0,-1.0,1.0
2024-08-24 00:00:00+00:00,2766.4,1.0,0.0,-1.0,1.0
2024-08-25 00:00:00+00:00,2744.47,1.0,0.0,-1.0,1.0
2024-08-26 00:00:00+00:00,2679.25,-1.0,0.0,-1.0,1.0
2024-08-27 00:00:00+00:00,2455.98,0.0,0.0,0.0,1.0
2024-08-28 00:00:00+00:00,2527.31,-1.0,0.0,0.0,1.0
2024-08-29 00:00:00+00:00,2526.28,-1.0,0.0,0.0,1.0
2024-08-30 00:00:00+00:00,2524.99,0.0,0.0,0.0,1.0
2024-08-31 00:00:00+00:00,2511.91,-1.0,0.0,-1.0,1.0
2024-09-01 00:00:00+00:00,2424.55,1.0,1.0,1.0,1.0
2024-09-02 00:00:00+00:00,2536.74,1.0,0.0,0.0,1.0
2024-09-03 00:00:00+00:00,2424.05,1.0,1.0,0.0,1.0
2024-09-04 00:00:00+00:00,2449.67,0.0,0.0,0.0,1.0
2024-09-05 00:00:00+00:00,2367.37,1.0,1.0,1.0,1.0
2024-09-06 00:00:00+00:00,2223.7,1.0,0.0,1.0,1.0
2024-09-07 00:00:00+00:00,2272.21,1.0,1.0,0.0,1.0
2024-09-08 00:00:00+00:00,2295.89,1.0,1.0,0.0,1.0
2024-09-09 00:00:00+00:00,2358.19,1.0,0.0,0.0,1.0
2024-09-10 00:00:00+00:00,2387.63,0.0,0.0,-1.0,1.0
2024-09-11 00:00:00+00:00,2339.22,0.0,0.0,0.0,1.0
2024-09-12 00:00:00+00:00,2360.79,-1.0,0.0,-1.0,1.0
2024-09-13 00:00:00+00:00,2438.15,1.0,1.0,-1.0,1.0
2024-09-14 00:00:00+00:00,2416.65,0.0,0.0,-1.0,1.0
2024-09-15 00:00:00+00:00,2314.85,1.0,0.0,1.0,1.0
2024-09-16 00:00:00+00:00,2294.61,-1.0,0.0,0.0,1.0
2024-09-17 00:00:00+00:00,2340.59,-1.0,0.0,0.0,1.0
2024-09-18 00:00:00+00:00,2373.93,0.0,0.0,-1.0,1.0
2024-09-19 00:00:00+00:00,2464.56,0.0,0.0,-1.0,1.0
2024-09-20 00:00:00+00:00,2560.29,0.0,0.0,0.0,1.0
2024-09-21 00:00:00+00:00,2611.4,1.0,1.0,-1.0,1.0
2024-09-22 00:00:00+00:00,2579.94,1.0,1.0,-1.0,1.0
2024-09-23 00:00:00+00:00,2645.84,-1.0,0.0,-1.0,1.0
2024-09-24 00:00:00+00:00,2652.0,0.0,1.0,-1.0,1.0
2024-09-25 00:00:00+00:00,2578.9,0.0,1.0,0.0,1.0
2024-09-26 00:00:00+00:00,2631.11,0.0,1.0,0.0,1.0
2024-09-27 00:00:00+00:00,2693.53,1.0,0.0,-1.0,1.0
2024-09-28 00:00:00+00:00,2673.9,-1.0,0.0,-1.0,1.0
2024-09-29 00:00:00+00:00,2656.3,0.0,0.0,-1.0,1.0
2024-09-30 00:00:00+00:00,2601.49,0.0,0.0,0.0,1.0
2024-10-01 00:00:00+00:00,2446.85,0.0,0.0,1.0,1.0
2024-10-02 00:00:00+00:00,2363.0,1.0,1.0,1.0,1.0
2024-10-03 00:00:00+00:00,2348.74,1.0,1.0,1.0,1.0
2024-10-04 00:00:00+00:00,2413.38,1.0,1.0,0.0,1.0
2024-10-05 00:00:00+00:00,2413.42,-1.0,-1.0,0.0,1.0
2024-10-06 00:00:00+00:00,2438.77,1.0,0.0,0.0,1.0
2024-10-07 00:00:00+00:00,2421.75,0.0,0.0,0.0,1.0
2024-10-08 00:00:00+00:00,2439.84,0.0,0.0,0.0,1.0
2024-10-09 00:00:00+00:00,2369.6,0.0,1.0,1.0,1.0
2024-10-10 00:00:00+00:00,2385.24,0.0,1.0,1.0,1.0
2024-10-11 00:00:00+00:00,2438.46,1.0,0.0,0.0,1.0
2024-10-12 00:00:00+00:00,2475.09,1.0,0.0,-1.0,1.0
2024-10-13 00:00:00+00:00,2467.79,1.0,0.0,-1.0,1.0
2024-10-14 00:00:00+00:00,2628.88,0.0,0.0,0.0,1.0
2024-10-15 00:00:00+00:00,2606.53,0.0,0.0,0.0,1.0
2024-10-16 00:00:00+00:00,2610.39,0.0,0.0,0.0,1.0
2024-10-17 00:00:00+00:00,2605.01,-1.0,0.0,0.0,1.0
2024-10-18 00:00:00+00:00,2641.11,0.0,0.0,-1.0,1.0
2024-10-19 00:00:00+00:00,2647.45,-1.0,0.0,-1.0,1.0
2024-10-20 00:00:00+00:00,2746.98,0.0,0.0,-1.0,1.0
2024-10-21 00:00:00+00:00,2666.63,0.0,0.0,0.0,1.0
2024-10-22 00:00:00+00:00,2621.78,-1.0,0.0,0.0,1.0
2024-10-23 00:00:00+00:00,2523.84,0.0,0.0,0.0,1.0
2024-10-24 00:00:00+00:00,2535.39,-1.0,0.0,0.0,1.0
2024-10-25 00:00:00+00:00,2440.1,1.0,0.0,1.0,1.0
2024-10-26 00:00:00+00:00,2482.04,1.0,0.0,0.0,1.0
2024-10-27 00:00:00+00:00,2507.22,0.0,0.0,-1.0,1.0
2024-10-28 00:00:00+00:00,2566.49,-1.0,0.0,-1.0,1.0
2024-10-29 00:00:00+00:00,2639.28,-1.0,0.0,-1.0,1.0
2024-10-30 00:00:00+00:00,2659.36,0.0,0.0,0.0,1.0
2024-10-31 00:00:00+00:00,2518.37,1.0,0.0,1.0,1.0
2024-11-01 00:00:00+00:00,2511.57,1.0,0.0,1.0,1.0
2024-11-02 00:00:00+00:00,2493.61,-1.0,0.0,0.0,1.0
2024-11-03 00:00:00+00:00,2457.29,-1.0,0.0,1.0,1.0
2024-11-04 00:00:00+00:00,2397.37,1.0,1.0,0.0,1.0
2024-11-05 00:00:00+00:00,2421.42,0.0,0.0,0.0,1.0
2024-11-06 00:00:00+00:00,2722.49,0.0,0.0,0.0,1.0
2024-11-07 00:00:00+00:00,2895.76,0.0,0.0,0.0,1.0
2024-11-08 00:00:00+00:00,2962.12,-1.0,0.0,0.0,1.0
2024-11-09 00:00:00+00:00,3127.03,-1.0,0.0,0.0,1.0
2024-11-10 00:00:00+00:00,3185.19,-1.0,0.0,1.0,1.0
2024-11-12 00:00:00+00:00,3245.98,0.0,0.0,0.0,1.0
2024-11-13 00:00:00+00:00,3188.9,1.0,0.0,0.0,1.0
2024-11-14 00:00:00+00:00,3061.03,0.0,0.0,0.0,1.0
2024-11-15 00:00:00+00:00,3091.75,1.0,0.0,0.0,1.0
2024-11-16 00:00:00+00:00,3134.72,1.0,1.0,-1.0,1.0
2024-11-17 00:00:00+00:00,3078.09,1.0,0.0,0.0,1.0
2024-11-18 00:00:00+00:00,3210.48,0.0,0.0,-1.0,1.0
2024-11-19 00:00:00+00:00,3109.34,0.0,0.0,-1.0,1.0
2024-11-20 00:00:00+00:00,3071.05,1.0,0.0,-1.0,1.0
2024-11-21 00:00:00+00:00,3358.42,0.0,0.0,-1.0,1.0
2024-11-22 00:00:00+00:00,3330.05,1.0,0.0,-1.0,1.0
2024-11-23 00:00:00+00:00,3396.33,1.0,0.0,-1.0,1.0
2024-11-24 00:00:00+00:00,3362.98,-1.0,0.0,-1.0,1.0
2024-11-25 00:00:00+00:00,3416.92,1.0,0.0,-1.0,1.0
2024-11-26 00:00:00+00:00,3327.17,0.0,0.0,0.0,1.0
2024-11-27 00:00:00+00:00,3655.88,0.0,0.0,-1.0,1.0
2024-11-28 00:00:00+00:00,3581.58,-1.0,0.0,-1.0,1.0
2024-11-29 00:00:00+00:00,3594.5,-1.0,0.0,-1.0,1.0
2024-11-30 00:00:00+00:00,3705.73,-1.0,0.0,-1.0,1.0
2024-12-01 00:00:00+00:00,3711.24,-1.0,-1.0,-1.0,1.0
2024-12-02 00:00:00+00:00,3646.26,-1.0,0.0,0.0,1.0
2024-12-03 00:00:00+00:00,3616.82,0.0,0.0,-1.0,1.0
2024-12-04 00:00:00+00:00,3840.75,-1.0,0.0,-1.0,1.0
2024-12-05 00:00:00+00:00,3787.31,0.0,0.0,-1.0,1.0
2024-12-06 00:00:00+00:00,4001.75,0.0,0.0,-1.0,1.0
2024-12-07 00:00:00+00:00,3999.79,-1.0,-1.0,-1.0,1.0
2024-12-08 00:00:00+00:00,4007.3,0.0,-1.0,-1.0,1.0
2024-12-09 00:00:00+00:00,3712.55,0.0,0.0,-1.0,1.0
2024-12-10 00:00:00+00:00,3628.4,1.0,0.0,-1.0,1.0
2024-12-11 00:00:00+00:00,3830.44,-1.0,0.0,-1.0,1.0
2024-12-12 00:00:00+00:00,3880.52,0.0,0.0,-1.0,1.0
2024-12-13 00:00:00+00:00,3905.6,0.0,0.0,-1.0,1.0
2024-12-14 00:00:00+00:00,3868.6,0.0,0.0,-1.0,1.0
2024-12-15 00:00:00+00:00,3958.5,-1.0,0.0,-1.0,1.0
2024-12-16 00:00:00+00:00,3984.76,0.0,0.0,-1.0,1.0
2024-12-17 00:00:00+00:00,3890.81,-1.0,0.0,0.0,1.0
2024-12-18 00:00:00+00:00,3625.4,1.0,0.0,0.0,1.0
2024-12-19 00:00:00+00:00,3416.7,0.0,1.0,0.0,1.0
2024-12-20 00:00:00+00:00,3470.88,0.0,0.0,-1.0,1.0
2024-12-21 00:00:00+00:00,3337.6,1.0,1.0,-1.0,1.0
2024-12-22 00:00:00+00:00,3280.8,1.0,1.0,0.0,1.0
2024-12-23 00:00:00+00:00,3420.74,1.0,1.0,-1.0,1.0
2024-12-24 00:00:00+00:00,3491.97,-1.0,0.0,-1.0,1.0
2024-12-25 00:00:00+00:00,3495.72,1.0,0.0,-1.0,1.0
2024-12-26 00:00:00+00:00,3333.15,1.0,1.0,0.0,1.0
2024-12-27 00:00:00+00:00,3332.09,1.0,0.0,0.0,1.0
2024-12-28 00:00:00+00:00,3402.54,0.0,0.0,-1.0,1.0
2024-12-29 00:00:00+00:00,3355.46,0.0,0.0,0.0,1.0
2024-12-30 00:00:00+00:00,3360.11,1.0,0.0,0.0,1.0
2024-12-31 00:00:00+00:00,3336.57,0.0,0.0,0.0,1.0
2025-01-01 00:00:00+00:00,3359.36,0.0,0.0,0.0,1.0
2025-01-02 00:00:00+00:00,3454.83,0.0,0.0,-1.0,1.0
2025-01-03 00:00:00+00:00,3607.89,1.0,0.0,-1.0,1.0
2025-01-04 00:00:00+00:00,3655.99,0.0,0.0,-1.0,1.0
2025-01-05 00:00:00+00:00,3634.96,-1.0,-1.0,-1.0,1.0
2025-01-06 00:00:00+00:00,3685.72,0.0,0.0,-1.0,1.0
2025-01-07 00:00:00+00:00,3379.38,-1.0,0.0,0.0,1.0
2025-01-08 00:00:00+00:00,3325.38,-1.0,0.0,0.0,1.0
2025-01-09 00:00:00+00:00,3218.24,-1.0,0.0,0.0,1.0
2025-01-10 00:00:00+00:00,3265.52,-1.0,0.0,0.0,1.0
2025-01-11 00:00:00+00:00,3281.84,0.0,0.0,-1.0,1.0
2025-01-12 00:00:00+00:00,3265.7,1.0,0.0,0.0,1.0
2025-01-13 00:00:00+00:00,3136.14,1.0,1.0,0.0,1.0
2025-01-14 00:00:00+00:00,3223.99,1.0,0.0,-1.0,1.0
2025-01-15 00:00:00+00:00,3449.8,-1.0,0.0,-1.0,1.0
2025-01-16 00:00:00+00:00,3306.94,0.0,0.0,0.0,1.0
2025-01-17 00:00:00+00:00,3472.38,0.0,0.0,0.0,1.0
2025-01-18 00:00:00+00:00,3306.7,0.0,0.0,1.0,1.0
2025-01-19 00:00:00+00:00,3214.15,1.0,0.0,1.0,1.0
2025-01-20 00:00:00+00:00,3283.2,0.0,0.0,0.0,1.0
2025-01-21 00:00:00+00:00,3326.72,0.0,0.0,0.0,1.0
2025-01-22 00:00:00+00:00,3242.0,0.0,0.0,0.0,1.0
2025-01-23 00:00:00+00:00,3337.88,0.0,0.0,0.0,1.0
2025-01-24 00:00:00+00:00,3308.62,-1.0,0.0,1.0,1.0
2025-01-25 00:00:00+00:00,3317.91,-1.0,0.0,0.0,1.0
2025-01-26 00:00:00+00:00,3230.5,0.0,0.0,0.0,1.0
2025-01-27 00:00:00+00:00,3180.99,1.0,0.0,0.0,1.0
2025-01-28 00:00:00+00:00,3075.96,0.0,0.0,0.0,1.0
2025-01-29 00:00:00+00:00,3112.55,1.0,0.0,0.0,1.0
2025-01-30 00:00:00+00:00,3245.86,1.0,0.0,0.0,1.0
2025-01-31 00:00:00+00:00,3299.5,0.0,0.0,0.0,1.0
2025-02-01 00:00:00+00:00,3116.22,1.0,0.0,1.0,1.0
2025-02-02 00:00:00+00:00,2868.05,1.0,1.0,1.0,1.0
2025-02-03 00:00:00+00:00,2878.69,1.0,0.0,0.0,1.0
2025-02-04 00:00:00+00:00,2730.03,0.0,0.0,0.0,1.0
2025-02-05 00:00:00+00:00,2787.0,-1.0,0.0,0.0,1.0
2025-02-06 00:00:00+00:00,2685.25,1.0,1.0,0.0,1.0
2025-02-07 00:00:00+00:00,2620.66,1.0,1.0,1.0,1.0
2025-02-08 00:00:00+00:00,2630.99,1.0,1.0,1.0,1.0
2025-02-09 00:00:00+00:00,2626.07,1.0,1.0,1.0,1.0
2025-02-10 00:00:00+00:00,2659.99,1.0,1.0,0.0,1.0
2025-02-11 00:00:00+00:00,2601.03,1.0,1.0,1.0,1.0
2025-02-12 00:00:00+00:00,2737.14,0.0,0.0,0.0,1.0
2025-02-13 00:00:00+00:00,2674.52,1.0,0.0,0.0,1.0
2025-02-14 00:00:00+00:00,2724.74,1.0,0.0,0.0,1.0
2025-02-15 00:00:00+00:00,2691.73,-1.0,0.0,0.0,1.0
2025-02-16 00:00:00+00:00,2660.0,0.0,0.0,0.0,1.0
2025-02-17 00:00:00+00:00,2743.0,0.0,0.0,0.0,1.0
2025-02-18 00:00:00+00:00,2670.57,1.0,0.0,1.0,1.0
2025-02-19 00:00:00+00:00,2714.06,1.0,0.0,0.0,1.0
2025-02-20 00:00:00+00:00,2736.87,-1.0,0.0,0.0,1.0
2025-02-21 00:00:00+00:00,2660.85,1.0,0.0,1.0,1.0
2025-02-22 00:00:00+00:00,2762.01,1.0,0.0,0.0,1.0
2025-02-23 00:00:00+00:00,2818.54,-1.0,0.0,0.0,1.0
2025-02-24 00:00:00+00:00,2512.27,0.0,0.0,1.0,1.0
2025-02-25 00:00:00+00:00,2494.45,0.0,0.0,1.0,1.0
2025-02-26 00:00:00+00:00,2335.33,1.0,1.0,1.0,1.0
2025-02-27 00:00:00+00:00,2306.66,1.0,1.0,1.0,1.0
2025-02-28 00:00:00+00:00,2236.59,1.0,1.0,1.0,1.0
2025-03-01 00:00:00+00:00,2216.6,1.0,1.0,1.0,1.0
2025-03-02 00:00:00+00:00,2517.12,0.0,0.0,1.0,1.0
2025-03-03 00:00:00+00:00,2148.22,1.0,0.0,1.0,1.0
2025-03-04 00:00:00+00:00,2170.51,0.0,0.0,1.0,1.0
2025-03-05 00:00:00+00:00,2240.45,0.0,0.0,0.0,1.0
2025-03-06 00:00:00+00:00,2201.34,0.0,0.0,1.0,1.0
2025-03-07 00:00:00+00:00,2140.72,1.0,1.0,1.0,1.0
2025-03-08 00:00:00+00:00,2202.84,1.0,0.0,0.0,1.0
2025-03-09 00:00:00+00:00,2019.2,1.0,1.0,1.0,1.0
2025-03-10 00:00:00+00:00,1864.51,1.0,0.0,1.0,1.0
2025-03-11 00:00:00+00:00,1922.61,1.0,1.0,1.0,1.0
2025-03-12 00:00:00+00:00,1907.24,1.0,1.0,1.0,1.0
2025-03-13 00:00:00+00:00,1863.76,1.0,1.0,1.0,1.0
2025-03-14 00:00:00+00:00,1910.79,1.0,1.0,1.0,1.0
2025-03-15 00:00:00+00:00,1936.27,0.0,0.0,0.0,1.0
2025-03-16 00:00:00+00:00,1885.97,1.0,0.0,1.0,1.0
2025-03-17 00:00:00+00:00,1925.37,0.0,0.0,-1.0,1.0
2025-03-18 00:00:00+00:00,1930.64,0.0,0.0,-1.0,1.0
2025-03-19 00:00:00+00:00,2055.21,0.0,0.0,0.0,1.0
2025-03-20 00:00:00+00:00,1982.72,0.0,0.0,0.0,1.0
2025-03-21 00:00:00+00:00,1964.81,0.0,0.0,0.0,1.0
2025-03-22 00:00:00+00:00,1979.56,-1.0,0.0,0.0,1.0
2025-03-23 00:00:00+00:00,2005.0,-1.0,-1.0,0.0,1.0
2025-03-24 00:00:00+00:00,2080.41,0.0,0.0,0.0,1.0
2025-03-25 00:00:00+00:00,2065.22,0.0,0.0,0.0,1.0
2025-03-26 00:00:00+00:00,2008.69,0.0,0.0,1.0,1.0
2025-03-27 00:00:00+00:00,2002.8,0.0,0.0,1.0,1.0
2025-03-28 00:00:00+00:00,1896.02,1.0,1.0,1.0,1.0
2025-03-29 00:00:00+00:00,1827.32,1.0,1.0,1.0,1.0
2025-03-30 00:00:00+00:00,1806.99,1.0,1.0,1.0,1.0
2025-03-31 00:00:00+00:00,1821.59,1.0,1.0,1.0,1.0
2025-04-01 00:00:00+00:00,1904.21,1.0,0.0,0.0,1.0
2025-04-02 00:00:00+00:00,1794.1,1.0,1.0,1.0,1.0
2025-04-03 00:00:00+00:00,1816.48,1.0,0.0,1.0,1.0
2025-04-04 00:00:00+00:00,1815.97,0.0,0.0,1.0,1.0
2025-04-05 00:00:00+00:00,1805.15,0.0,0.0,0.0,1.0
2025-04-06 00:00:00+00:00,1579.98,1.0,1.0,1.0,1.0
2025-04-07 00:00:00+00:00,1552.44,1.0,1.0,1.0,1.0
2025-04-08 00:00:00+00:00,1472.67,1.0,1.0,1.0,1.0
2025-04-09 00:00:00+00:00,1668.69,0.0,0.0,0.0,1.0
2025-04-10 00:00:00+00:00,1521.57,1.0,1.0,1.0,1.0
2025-04-11 00:00:00+00:00,1565.96,0.0,0.0,1.0,1.0
2025-04-12 00:00:00+00:00,1643.6,-1.0,0.0,0.0,1.0
2025-04-13 00:00:00+00:00,1596.92,-1.0,0.0,1.0,1.0
2025-04-14 00:00:00+00:00,1623.02,0.0,0.0,0.0,1.0
2025-04-15 00:00:00+00:00,1588.0,0.0,0.0,0.0,1.0
2025-04-16 00:00:00+00:00,1576.58,1.0,0.0,1.0,1.0
2025-04-17 00:00:00+00:00,1582.84,-1.0,0.0,0.0,1.0
2025-04-18 00:00:00+00:00,1587.91,0.0,0.0,0.0,1.0
2025-04-19 00:00:00+00:00,1612.44,1.0,0.0,0.0,1.0
2025-04-20 00:00:00+00:00,1586.56,0.0,0.0,0.0,1.0
2025-04-21 00:00:00+00:00,1578.64,0.0,0.0,1.0,1.0
2025-04-22 00:00:00+00:00,1755.57,0.0,0.0,0.0,1.0
2025-04-23 00:00:00+00:00,1794.46,-1.0,0.0,-1.0,1.0
2025-04-24 00:00:00+00:00,1768.8,1.0,0.0,0.0,1.0
2025-04-25 00:00:00+00:00,1783.77,-1.0,0.0,0.0,1.0
2025-04-26 00:00:00+00:00,1820.0,-1.0,0.0,-1.0,1.0
2025-04-27 00:00:00+00:00,1790.21,1.0,0.0,0.0,1.0
2025-04-28 00:00:00+00:00,1799.22,-1.0,0.0,-1.0,1.0
2025-04-29 00:00:00+00:00,1796.57,-1.0,0.0,0.0,1.0
2025-04-30 00:00:00+00:00,1792.71,-1.0,0.0,0.0,1.0
2025-05-01 00:00:00+00:00,1837.19,0.0,0.0,0.0,1.0
2025-05-02 00:00:00+00:00,1841.22,0.0,0.0,0.0,1.0
2025-05-03 00:00:00+00:00,1832.55,1.0,0.0,0.0,1.0
2025-05-04 00:00:00+00:00,1807.87,1.0,0.0,0.0,1.0
2025-05-05 00:00:00+00:00,1819.43,-1.0,0.0,0.0,1.0
2025-05-06 00:00:00+00:00,1816.22,1.0,0.0,0.0,1.0
2025-05-07 00:00:00+00:00,1810.14,1.0,0.0,0.0,1.0
2025-05-08 00:00:00+00:00,2206.54,-1.0,0.0,0.0,1.0
2025-05-09 00:00:00+00:00,2344.3,0.0,0.0,1.0,1.0
2025-05-10 00:00:00+00:00,2581.91,0.0,0.0,1.0,1.0
2025-05-11 00:00:00+00:00,2513.48,0.0,0.0,0.0,1.0
2025-05-12 00:00:00+00:00,2494.16,0.0,0.0,0.0,1.0
2025-05-13 00:00:00+00:00,2678.59,0.0,0.0,0.0,1.0
2025-05-14 00:00:00+00:00,2608.74,1.0,0.0,0.0,1.0
2025-05-15 00:00:00+00:00,2547.75,0.0,0.0,0.0,1.0
2025-05-16 00:00:00+00:00,2535.72,-1.0,0.0,0.0,1.0
2025-05-17 00:00:00+00:00,2474.09,0.0,0.0,0.0,1.0
2025-05-18 00:00:00+00:00,2496.98,0.0,0.0,0.0,1.0
2025-05-19 00:00:00+00:00,2526.87,0.0,0.0,-1.0,1.0
2025-05-20 00:00:00+00:00,2523.09,1.0,0.0,-1.0,1.0
2025-05-21 00:00:00+00:00,2550.26,0.0,0.0,-1.0,1.0
2025-05-22 00:00:00+00:00,2663.72,0.0,0.0,-1.0,1.0
2025-05-23 00:00:00+00:00,2525.39,1.0,0.0,0.0,1.0
2025-05-24 00:00:00+00:00,2529.27,0.0,0.0,-1.0,1.0
2025-05-25 00:00:00+00:00,2550.03,-1.0,0.0,-1.0,1.0
2025-05-26 00:00:00+00:00,2562.43,0.0,0.0,-1.0,1.0
2025-05-27 00:00:00+00:00,2659.84,1.0,0.0,-1.0,1.0
2025-05-28 00:00:00+00:00,2680.4,0.0,0.0,-1.0,1.0
2025-05-29 00:00:00+00:00,2630.3,-1.0,0.0,0.0,1.0
2025-05-30 00:00:00+00:00,2529.63,-1.0,0.0,1.0,1.0
2025-05-31 00:00:00+00:00,2527.08,0.0,0.0,0.0,1.0
2025-06-01 00:00:00+00:00,2537.89,0.0,0.0,0.0,1.0
2025-06-02 00:00:00+00:00,2606.48,0.0,0.0,-1.0,1.0
2025-06-03 00:00:00+00:00,2592.16,-1.0,0.0,-1.0,1.0
2025-06-04 00:00:00+00:00,2606.62,0.0,0.0,0.0,1.0
2025-06-05 00:00:00+00:00,2412.9,0.0,0.0,0.0,1.0
2025-06-06 00:00:00+00:00,2475.38,1.0,0.0,0.0,1.0
2025-06-07 00:00:00+00:00,2523.4,0.0,0.0,-1.0,1.0
2025-06-08 00:00:00+00:00,2508.32,-1.0,0.0,-1.0,1.0
2025-06-09 00:00:00+00:00,2679.12,0.0,0.0,-1.0,1.0
2025-06-10 00:00:00+00:00,2815.74,0.0,0.0,-1.0,1.0
2025-06-11 00:00:00+00:00,2770.34,-1.0,0.0,0.0,1.0
2025-06-12 00:00:00+00:00,2641.38,0.0,0.0,0.0,1.0
2025-06-13 00:00:00+00:00,2578.09,0.0,0.0,1.0,1.0
2025-06-14 00:00:00+00:00,2529.66,1.0,0.0,0.0,1.0
2025-06-15 00:00:00+00:00,2546.32,-1.0,0.0,0.0,1.0
2025-06-16 00:00:00+00:00,2543.12,0.0,0.0,0.0,1.0
2025-06-17 00:00:00+00:00,2508.99,1.0,1.0,0.0,1.0
2025-06-18 00:00:00+00:00,2523.49,1.0,1.0,0.0,1.0
2025-06-19 00:00:00+00:00,2520.18,1.0,0.0,0.0,1.0
2025-06-20 00:00:00+00:00,2405.42,1.0,1.0,1.0,1.0
2025-06-21 00:00:00+00:00,2294.63,1.0,1.0,1.0,1.0
2025-06-22 00:00:00+00:00,2226.33,1.0,1.0,1.0,1.0
2025-06-23 00:00:00+00:00,2410.39,1.0,1.0,-1.0,1.0
2025-06-24 00:00:00+00:00,2447.58,1.0,0.0,-1.0,1.0
2025-06-25 00:00:00+00:00,2417.28,1.0,0.0,-1.0,1.0
2025-06-26 00:00:00+00:00,2414.54,0.0,0.0,-1.0,1.0
2025-06-27 00:00:00+00:00,2422.06,-1.0,0.0,-1.0,1.0
2025-06-28 00:00:00+00:00,2434.8,-1.0,0.0,-1.0,1.0
2025-06-29 00:00:00+00:00,2499.25,-1.0,0.0,-1.0,1.0
2025-06-30 00:00:00+00:00,2484.3,-1.0,0.0,-1.0,1.0
2025-07-01 00:00:00+00:00,2403.65,0.0,0.0,0.0,1.0
2025-07-02 00:00:00+00:00,2569.37,-1.0,0.0,-1.0,1.0
2025-07-03 00:00:00+00:00,2590.17,0.0,0.0,-1.0,1.0
2025-07-04 00:00:00+00:00,2506.86,1.0,0.0,-1.0,1.0
2025-07-05 00:00:00+00:00,2515.25,-1.0,-1.0,-1.0,1.0
2025-07-06 00:00:00+00:00,2569.14,-1.0,0.0,-1.0,1.0
2025-07-07 00:00:00+00:00,2541.37,1.0,0.0,-1.0,1.0
2025-07-08 00:00:00+00:00,2613.97,-1.0,0.0,-1.0,1.0
2025-07-09 00:00:00+00:00,2767.7,0.0,0.0,-1.0,1.0
2025-07-10 00:00:00+00:00,2950.62,1.0,0.0,0.0,1.0
2025-07-11 00:00:00+00:00,2956.93,1.0,0.0,0.0,1.0
2025-07-12 00:00:00+00:00,2941.87,1.0,0.0,-1.0,1.0
2025-07-13 00:00:00+00:00,2970.37,-1.0,0.0,-1.0,1.0
2025-07-14 00:00:00+00:00,3012.26,0.0,0.0,-1.0,1.0
2025-07-15 00:00:00+00:00,3137.62,0.0,0.0,-1.0,1.0
2025-07-16 00:00:00+00:00,3370.55,0.0,0.0,-1.0,1.0
2025-07-17 00:00:00+00:00,3476.65,0.0,0.0,-1.0,1.0
2025-07-18 00:00:00+00:00,3546.36,1.0,0.0,0.0,1.0
2025-07-22 00:00:00+00:00,3746.01,-1.0,0.0,-1.0,1.0
2025-07-23 00:00:00+00:00,3627.49,0.0,0.0,-1.0,1.0
2025-07-24 00:00:00+00:00,3706.2,-1.0,0.0,-1.0,1.0
2025-07-25 00:00:00+00:00,3724.17,-1.0,0.0,-1.0,1.0
2025-07-26 00:00:00+00:00,3740.0,0.0,0.0,-1.0,1.0
2025-07-27 00:00:00+00:00,3871.47,0.0,-1.0,-1.0,1.0
2025-07-28 00:00:00+00:00,3796.0,-1.0,-1.0,-1.0,1.0
2025-07-29 00:00:00+00:00,3791.55,0.0,0.0,-1.0,1.0
2025-07-30 00:00:00+00:00,3808.67,-1.0,0.0,-1.0,1.0
2025-07-31 00:00:00+00:00,3696.58,1.0,0.0,0.0,1.0
2025-08-01 00:00:00+00:00,3486.42,1.0,0.0,1.0,1.0
2025-08-02 00:00:00+00:00,3392.42,1.0,0.0,0.0,1.0
2025-08-03 00:00:00+00:00,3495.0,1.0,0.0,0.0,1.0
2025-08-04 00:00:00+00:00,3719.42,0.0,0.0,-1.0,1.0
2025-08-05 00:00:00+00:00,3610.19,-1.0,0.0,-1.0,1.0
2025-08-06 00:00:00+00:00,3681.21,-1.0,-1.0,-1.0,1.0
2025-08-07 00:00:00+00:00,3908.4,-1.0,-1.0,0.0,1.0
2025-08-08 00:00:00+00:00,4009.05,-1.0,-1.0,0.0,1.0
2025-08-09 00:00:00+00:00,4259.1,-1.0,-1.0,1.0,1.0
2025-08-10 00:00:00+00:00,4248.77,0.0,-1.0,0.0,1.0
2025-08-11 00:00:00+00:00,4221.31,1.0,0.0,0.0,1.0
2025-08-12 00:00:00+00:00,4589.31,-1.0,-1.0,0.0,1.0
2025-08-13 00:00:00+00:00,4748.37,-1.0,-1.0,0.0,1.0
2025-08-14 00:00:00+00:00,4545.26,0.0,0.0,0.0,1.0
2025-08-15 00:00:00+00:00,4437.16,0.0,0.0,0.0,1.0
2025-08-16 00:00:00+00:00,4420.22,-1.0,0.0,-1.0,1.0
2025-08-17 00:00:00+00:00,4470.66,0.0,0.0,0.0,1.0
2025-08-18 00:00:00+00:00,4311.73,1.0,0.0,-1.0,1.0
2025-08-19 00:00:00+00:00,4073.94,0.0,0.0,0.0,1.0
2025-08-20 00:00:00+00:00,4334.5,-1.0,0.0,-1.0,1.0
2025-08-21 00:00:00+00:00,4223.7,1.0,0.0,-1.0,1.0
2025-08-22 00:00:00+00:00,4830.37,0.0,0.0,0.0,1.0
2025-08-23 00:00:00+00:00,4777.26,-1.0,-1.0,-1.0,1.0
2025-08-24 00:00:00+00:00,4778.32,-1.0,-1.0,0.0,1.0
2025-08-25 00:00:00+00:00,4374.25,0.0,0.0,0.0,1.0
2025-08-26 00:00:00+00:00,4598.49,-1.0,-1.0,-1.0,1.0
2025-08-27 00:00:00+00:00,4504.84,-1.0,0.0,0.0,1.0
2025-08-28 00:00:00+00:00,4509.1,-1.0,0.0,0.0,1.0
2025-08-29 00:00:00+00:00,4358.65,-1.0,0.0,1.0,1.0
2025-08-30 00:00:00+00:00,4372.0,0.0,0.0,0.0,1.0
2025-08-31 00:00:00+00:00,4389.58,-1.0,0.0,0.0,1.0
2025-09-01 00:00:00+00:00,4313.0,-1.0,0.0,0.0,1.0
2025-09-02 00:00:00+00:00,4324.59,-1.0,0.0,0.0,1.0
2025-09-03 00:00:00+00:00,4448.22,-1.0,-1.0,-1.0,1.0
2025-09-04 00:00:00+00:00,4295.68,1.0,0.0,1.0,1.0
2025-09-05 00:00:00+00:00,4305.71,0.0,0.0,0.0,1.0
2025-09-06 00:00:00+00:00,4271.69,-1.0,0.0,0.0,1.0
2025-09-07 00:00:00+00:00,4303.84,-1.0,0.0,0.0,1.0
2025-09-08 00:00:00+00:00,4303.98,0.0,0.0,0.0,1.0
2025-09-09 00:00:00+00:00,4308.4,0.0,0.0,0.0,1.0
2025-09-10 00:00:00+00:00,4347.83,-1.0,0.0,0.0,1.0
2025-09-11 00:00:00+00:00,4456.86,-1.0,0.0,-1.0,1.0
2025-09-12 00:00:00+00:00,4710.83,0.0,0.0,0.0,1.0
2025-09-13 00:00:00+00:00,4664.74,-1.0,-1.0,0.0,1.0
2025-09-14 00:00:00+00:00,4602.0,-1.0,0.0,0.0,1.0
2025-09-15 00:00:00+00:00,4521.54,-1.0,0.0,-1.0,1.0
2025-09-16 00:00:00+00:00,4499.41,0.0,0.0,-1.0,1.0
2025-09-17 00:00:00+00:00,4588.3,-1.0,0.0,-1.0,1.0
2025-09-18 00:00:00+00:00,4585.31,-1.0,-1.0,-1.0,1.0
2025-09-19 00:00:00+00:00,4466.49,1.0,0.0,0.0,1.0
2025-09-20 00:00:00+00:00,4478.27,-1.0,-1.0,0.0,1.0
2025-09-21 00:00:00+00:00,4443.01,-1.0,0.0,0.0,1.0
2025-09-22 00:00:00+00:00,4196.86,-1.0,0.0,0.0,1.0
2025-09-23 00:00:00+00:00,4162.25,1.0,1.0,-1.0,1.0
2025-09-24 00:00:00+00:00,4150.51,1.0,1.0,0.0,1.0
2025-09-25 00:00:00+00:00,3873.1,1.0,1.0,1.0,1.0
2025-09-26 00:00:00+00:00,4030.17,1.0,1.0,0.0,1.0
2025-09-27 00:00:00+00:00,4017.01,0.0,0.0,-1.0,1.0
2025-09-28 00:00:00+00:00,4139.55,1.0,0.0,0.0,1.0
2025-09-29 00:00:00+00:00,4212.98,1.0,-1.0,-1.0,1.0
2025-09-30 00:00:00+00:00,4142.75,1.0,0.0,0.0,1.0
2025-10-01 00:00:00+00:00,4345.85,0.0,0.0,0.0,1.0
2025-10-02 00:00:00+00:00,4481.7,-1.0,-1.0,0.0,1.0
2025-10-03 00:00:00+00:00,4511.11,1.0,0.0,0.0,1.0
2025-10-04 00:00:00+00:00,4484.79,-1.0,0.0,-1.0,1.0
2025-10-05 00:00:00+00:00,4512.34,0.0,0.0,0.0,1.0
2025-10-06 00:00:00+00:00,4682.43,1.0,0.0,-1.0,1.0
2025-10-07 00:00:00+00:00,4445.76,-1.0,0.0,1.0,1.0
2025-10-08 00:00:00+00:00,4523.67,-1.0,0.0,0.0,1.0
2025-10-09 00:00:00+00:00,4365.83,0.0,0.0,0.0,1.0
2025-10-10 00:00:00+00:00,3819.99,0.0,0.0,0.0,1.0
2025-10-11 00:00:00+00:00,3744.99,1.0,1.0,-1.0,1.0
2025-10-12 00:00:00+00:00,4149.99,-1.0,0.0,0.0,1.0
2025-10-13 00:00:00+00:00,4239.7,-1.0,0.0,-1.0,1.0
2025-10-14 00:00:00+00:00,4123.05,0.0,0.0,-1.0,1.0
2025-10-15 00:00:00+00:00,3983.81,1.0,0.0,0.0,1.0
2025-10-16 00:00:00+00:00,3892.02,1.0,0.0,0.0,1.0
2025-10-17 00:00:00+00:00,3829.99,1.0,1.0,1.0,1.0
2025-10-18 00:00:00+00:00,3887.01,0.0,0.0,0.0,1.0
2025-10-19 00:00:00+00:00,3980.59,0.0,0.0,1.0,1.0
2025-10-20 00:00:00+00:00,3977.54,1.0,0.0,0.0,1.0
2025-10-21 00:00:00+00:00,3871.11,1.0,0.0,1.0,1.0
2025-10-22 00:00:00+00:00,3803.93,1.0,1.0,1.0,1.0
2025-10-23 00:00:00+00:00,3855.21,0.0,1.0,1.0,1.0
2025-10-24 00:00:00+00:00,3933.19,1.0,0.0,1.0,1.0
2025-10-25 00:00:00+00:00,3952.25,0.0,0.0,1.0,1.0
2025-10-26 00:00:00+00:00,4156.37,0.0,-1.0,0.0,1.0
2025-10-27 00:00:00+00:00,4118.47,-1.0,-1.0,0.0,1.0
2025-10-28 00:00:00+00:00,3977.56,1.0,0.0,0.0,1.0
2025-10-29 00:00:00+00:00,3900.38,0.0,0.0,0.0,1.0
2025-10-30 00:00:00+00:00,3802.8,1.0,0.0,1.0,1.0
2025-10-31 00:00:00+00:00,3846.42,1.0,1.0,1.0,1.0
2025-11-01 00:00:00+00:00,3872.14,-1.0,0.0,0.0,1.0
2025-11-02 00:00:00+00:00,3904.8,0.0,0.0,0.0,1.0
2025-11-03 00:00:00+00:00,3602.15,1.0,1.0,0.0,1.0
2025-11-04 00:00:00+00:00,3285.28,1.0,1.0,0.0,1.0
2025-11-05 00:00:00+00:00,3423.06,0.0,0.0,0.0,1.0
2025-11-06 00:00:00+00:00,3313.7,0.0,0.0,0.0,1.0
2025-11-07 00:00:00+00:00,3434.36,0.0,0.0,0.0,1.0
2025-11-08 00:00:00+00:00,3400.07,0.0,0.0,0.0,1.0
2025-11-09 00:00:00+00:00,3581.31,0.0,0.0,0.0,1.0
2025-11-10 00:00:00+00:00,3566.38,0.0,0.0,0.0,1.0
2025-11-11 00:00:00+00:00,3416.32,0.0,1.0,0.0,1.0
2025-11-12 00:00:00+00:00,3413.46,1.0,0.0,1.0,1.0
2025-11-13 00:00:00+00:00,3230.12,1.0,0.0,1.0,1.0
2025-11-14 00:00:00+00:00,3111.2,0.0,1.0,1.0,1.0
2025-11-15 00:00:00+00:00,3166.55,0.0,1.0,1.0,1.0
2025-11-16 00:00:00+00:00,3094.05,1.0,1.0,1.0,1.0
2025-11-17 00:00:00+00:00,3030.06,1.0,1.0,1.0,1.0
2025-11-18 00:00:00+00:00,3122.2,1.0,1.0,1.0,1.0
2025-11-19 00:00:00+00:00,3024.09,1.0,1.0,1.0,1.0
2025-11-20 00:00:00+00:00,2832.97,1.0,1.0,1.0,1.0
2025-11-21 00:00:00+00:00,2764.69,1.0,1.0,1.0,1.0
2025-11-22 00:00:00+00:00,2769.06,1.0,1.0,1.0,1.0
2025-11-23 00:00:00+00:00,2800.73,1.0,1.0,0.0,1.0
2025-11-24 00:00:00+00:00,2952.19,1.0,1.0,-1.0,1.0
2025-11-25 00:00:00+00:00,2958.24,0.0,0.0,-1.0,1.0
2025-11-26 00:00:00+00:00,3025.02,0.0,0.0,-1.0,1.0
2025-11-27 00:00:00+00:00,3013.8,1.0,0.0,-1.0,1.0
2025-11-28 00:00:00+00:00,3029.8,0.0,0.0,-1.0,1.0
2025-11-29 00:00:00+00:00,2987.96,0.0,0.0,0.0,1.0
2025-11-30 00:00:00+00:00,2990.02,0.0,0.0,0.0,1.0
2025-12-01 00:00:00+00:00,2797.47,1.0,0.0,1.0,1.0
2025-12-02 00:00:00+00:00,2994.63,0.0,-1.0,-1.0,1.0
2025-12-03 00:00:00+00:00,3187.07,0.0,-1.0,-1.0,1.0
2025-12-04 00:00:00+00:00,3132.01,0.0,-1.0,0.0,1.0
2025-12-05 00:00:00+00:00,3020.38,0.0,0.0,0.0,1.0
2025-12-06 00:00:00+00:00,3036.53,0.0,-1.0,0.0,1.0
2025-12-07 00:00:00+00:00,3058.14,0.0,0.0,1.0,1.0
2025-12-08 00:00:00+00:00,3123.14,0.0,0.0,-1.0,1.0
2025-12-09 00:00:00+00:00,3316.49,0.0,-1.0,-1.0,1.0
2025-12-10 00:00:00+00:00,3322.79,-1.0,0.0,-1.0,1.0
2025-12-11 00:00:00+00:00,3235.77,1.0,0.0,-1.0,1.0
2025-12-12 00:00:00+00:00,3083.34,-1.0,0.0,0.0,1.0
2025-12-13 00:00:00+00:00,3113.01,-1.0,0.0,0.0,1.0
2025-12-14 00:00:00+00:00,3062.02,0.0,0.0,0.0,1.0
2025-12-15 00:00:00+00:00,2963.25,1.0,0.0,0.0,1.0
2025-12-16 00:00:00+00:00,2960.84,0.0,0.0,0.0,1.0
2025-12-17 00:00:00+00:00,2832.0,1.0,1.0,1.0,1.0
2025-12-18 00:00:00+00:00,2827.3,1.0,1.0,1.0,1.0
2025-12-19 00:00:00+00:00,2978.33,1.0,1.0,0.0,1.0
2025-12-20 00:00:00+00:00,2976.54,0.0,1.0,0.0,1.0
2025-12-21 00:00:00+00:00,3000.62,0.0,0.0,0.0,1.0
2025-12-22 00:00:00+00:00,3008.49,-1.0,0.0,0.0,1.0
2025-12-23 00:00:00+00:00,2963.29,1.0,0.0,0.0,1.0
2025-12-24 00:00:00+00:00,2946.23,1.0,0.0,0.0,1.0
2025-12-25 00:00:00+00:00,2902.32,1.0,1.0,0.0,1.0
2025-12-26 00:00:00+00:00,2926.82,1.0,1.0,1.0,1.0
2025-12-27 00:00:00+00:00,2947.61,0.0,0.0,0.0,1.0
2025-12-28 00:00:00+00:00,2949.6,0.0,0.0,0.0,1.0
2025-12-29 00:00:00+00:00,2936.45,1.0,1.0,1.0,1.0
2025-12-30 00:00:00+00:00,2972.22,1.0,0.0,0.0,1.0
2025-12-31 00:00:00+00:00,2970.4,1.0,0.0,0.0,1.0
2026-01-01 00:00:00+00:00,3002.49,1.0,0.0,-1.0,1.0
2026-01-02 00:00:00+00:00,3123.89,0.0,1.0,-1.0,1.0
2026-01-03 00:00:00+00:00,3125.47,1.0,0.0,-1.0,1.0
2026-01-04 00:00:00+00:00,3143.32,1.0,0.0,-1.0,1.0
2026-01-05 00:00:00+00:00,3223.71,1.0,0.0,-1.0,1.0
2026-01-06 00:00:00+00:00,3295.46,1.0,0.0,-1.0,1.0
2026-01-07 00:00:00+00:00,3167.52,1.0,0.0,0.0,1.0
2026-01-08 00:00:00+00:00,3105.45,0.0,0.0,0.0,1.0
2026-01-09 00:00:00+00:00,3087.15,-1.0,-1.0,0.0,1.0
2026-01-10 00:00:00+00:00,3085.47,-1.0,-1.0,0.0,1.0
2026-01-11 00:00:00+00:00,3122.0,0.0,0.0,0.0,1.0
2026-01-12 00:00:00+00:00,3093.84,0.0,0.0,0.0,1.0
2026-01-13 00:00:00+00:00,3324.69,-1.0,0.0,-1.0,1.0
2026-01-14 00:00:00+00:00,3353.27,-1.0,0.0,-1.0,1.0
2026-01-15 00:00:00+00:00,3317.0,-1.0,0.0,-1.0,1.0
2026-01-16 00:00:00+00:00,3294.77,-1.0,0.0,-1.0,1.0
2026-01-17 00:00:00+00:00,3308.87,-1.0,0.0,-1.0,1.0
2026-01-18 00:00:00+00:00,3282.77,1.0,0.0,0.0,1.0
2026-01-19 00:00:00+00:00,3188.01,0.0,0.0,0.0,1.0
2026-01-20 00:00:00+00:00,2938.24,0.0,1.0,0.0,1.0
2026-01-21 00:00:00+00:00,2980.66,-1.0,0.0,0.0,1.0
2026-01-22 00:00:00+00:00,2951.21,0.0,1.0,0.0,1.0
2026-01-23 00:00:00+00:00,2955.08,0.0,1.0,1.0,1.0
2026-01-24 00:00:00+00:00,2952.09,1.0,0.0,1.0,1.0
2026-01-25 00:00:00+00:00,2815.49,1.0,1.0,1.0,1.0
2026-01-26 00:00:00+00:00,2928.9,1.0,0.0,0.0,1.0
2026-01-27 00:00:00+00:00,3024.92,-1.0,0.0,-1.0,1.0
2026-01-28 00:00:00+00:00,3009.36,-1.0,0.0,-1.0,1.0
2026-01-29 00:00:00+00:00,2821.0,1.0,1.0,0.0,1.0
2026-01-30 00:00:00+00:00,2705.66,1.0,1.0,0.0,1.0
2026-01-31 00:00:00+00:00,2450.38,1.0,0.0,1.0,1.0
2026-02-01 00:00:00+00:00,2269.04,1.0,1.0,1.0,1.0
2026-02-02 00:00:00+00:00,2345.55,1.0,1.0,0.0,1.0
2026-02-03 00:00:00+00:00,2232.23,1.0,0.0,1.0,1.0
2026-02-04 00:00:00+00:00,2147.01,1.0,1.0,-1.0,1.0
2026-02-05 00:00:00+00:00,1824.95,1.0,1.0,0.0,1.0
2026-02-06 00:00:00+00:00,2062.54,1.0,1.0,0.0,1.0
2026-02-07 00:00:00+00:00,2085.93,1.0,1.0,0.0,1.0
2026-02-08 00:00:00+00:00,2088.6,1.0,1.0,0.0,1.0
2026-02-09 00:00:00+00:00,2103.96,1.0,1.0,1.0,1.0
2026-02-10 00:00:00+00:00,2021.51,1.0,1.0,0.0,1.0
2026-02-11 00:00:00+00:00,1940.07,1.0,1.0,1.0,1.0
2026-02-12 00:00:00+00:00,1947.15,1.0,1.0,1.0,1.0
2026-02-13 00:00:00+00:00,2047.6,1.0,1.0,0.0,1.0
2026-02-14 00:00:00+00:00,2085.43,1.0,1.0,1.0,1.0
2026-02-15 00:00:00+00:00,1965.47,1.0,1.0,1.0,1.0
2026-02-16 00:00:00+00:00,1997.35,1.0,1.0,0.0,1.0
2026-02-17 00:00:00+00:00,1990.68,1.0,1.0,0.0,1.0
2026-02-18 00:00:00+00:00,1954.77,1.0,1.0,1.0,1.0
2026-02-19 00:00:00+00:00,1948.15,1.0,0.0,0.0,1.0
2026-02-20 00:00:00+00:00,1967.85,1.0,0.0,0.0,1.0
2026-02-21 00:00:00+00:00,1972.54,1.0,0.0,0.0,1.0
2026-02-22 00:00:00+00:00,1957.01,0.0,0.0,0.0,1.0
2026-02-23 00:00:00+00:00,1855.47,0.0,0.0,0.0,1.0
2026-02-24 00:00:00+00:00,1851.09,1.0,1.0,0.0,1.0
2026-02-25 00:00:00+00:00,2056.5,0.0,0.0,-1.0,1.0
2026-02-26 00:00:00+00:00,2026.71,-1.0,0.0,0.0,1.0
2026-02-27 00:00:00+00:00,1928.5,-1.0,0.0,0.0,1.0
2026-02-28 00:00:00+00:00,1963.48,-1.0,0.0,0.0,1.0
2026-03-01 00:00:00+00:00,1938.57,-1.0,0.0,0.0,1.0
2026-03-02 00:00:00+00:00,2026.69,-1.0,0.0,-1.0,1.0
2026-03-03 00:00:00+00:00,1981.85,-1.0,0.0,0.0,1.0
2026-03-04 00:00:00+00:00,2125.98,1.0,0.0,0.0,1.0
2026-03-05 00:00:00+00:00,2072.18,0.0,0.0,0.0,1.0
2026-03-06 00:00:00+00:00,1977.66,-1.0,0.0,0.0,1.0
2026-03-07 00:00:00+00:00,1968.39,-1.0,0.0,0.0,1.0
2026-03-08 00:00:00+00:00,1935.97,0.0,0.0,0.0,1.0
2026-03-09 00:00:00+00:00,1992.28,0.0,0.0,0.0,1.0
2026-03-10 00:00:00+00:00,2035.39,0.0,0.0,-1.0,1.0
2026-03-11 00:00:00+00:00,2050.99,-1.0,0.0,-1.0,1.0
2026-03-12 00:00:00+00:00,2072.6,1.0,0.0,-1.0,1.0
2026-03-13 00:00:00+00:00,2091.01,-1.0,0.0,0.0,1.0
2026-03-14 00:00:00+00:00,2095.27,0.0,0.0,0.0,1.0
2026-03-17 00:00:00+00:00,2316.45,1.0,0.0,0.0,1.0
2026-03-18 00:00:00+00:00,2201.95,0.0,0.0,0.0,1.0
2026-03-19 00:00:00+00:00,2136.56,-1.0,0.0,0.0,1.0
2026-03-20 00:00:00+00:00,2145.08,1.0,0.0,0.0,1.0
2026-03-21 00:00:00+00:00,2083.37,1.0,0.0,0.0,1.0
2026-03-22 00:00:00+00:00,2052.85,1.0,0.0,1.0,1.0
2026-03-23 00:00:00+00:00,2151.01,-1.0,0.0,0.0,1.0
2026-03-24 00:00:00+00:00,2155.29,-1.0,0.0,0.0,1.0
2026-03-25 00:00:00+00:00,2168.0,1.0,0.0,-1.0,1.0
2026-03-26 00:00:00+00:00,2059.17,1.0,0.0,1.0,1.0
2026-03-27 00:00:00+00:00,1991.58,1.0,0.0,1.0,1.0
2026-03-28 00:00:00+00:00,1993.48,0.0,0.0,1.0,1.0
2026-03-29 00:00:00+00:00,1983.44,1.0,0.0,1.0,1.0
2026-03-30 00:00:00+00:00,2025.69,1.0,0.0,0.0,1.0
2026-03-31 00:00:00+00:00,2104.49,1.0,1.0,-1.0,1.0
2026-04-01 00:00:00+00:00,2138.8,1.0,1.0,0.0,1.0
2026-04-02 00:00:00+00:00,2055.96,-1.0,0.0,0.0,1.0
2026-04-03 00:00:00+00:00,2052.92,-1.0,0.0,0.0,1.0
2026-04-04 00:00:00+00:00,2064.43,0.0,0.0,1.0,1.0
2026-04-05 00:00:00+00:00,2109.35,-1.0,0.0,0.0,1.0
2026-04-06 00:00:00+00:00,2106.14,-1.0,0.0,-1.0,1.0
2026-04-07 00:00:00+00:00,2239.14,1.0,1.0,-1.0,1.0
2026-04-08 00:00:00+00:00,2188.87,-1.0,0.0,0.0,1.0
2026-04-09 00:00:00+00:00,2188.92,1.0,1.0,0.0,1.0
2026-04-10 00:00:00+00:00,2243.9,1.0,1.0,0.0,1.0
2026-04-11 00:00:00+00:00,2283.85,1.0,1.0,0.0,1.0
2026-04-12 00:00:00+00:00,2190.62,1.0,0.0,1.0,1.0
2026-04-13 00:00:00+00:00,2368.8,1.0,0.0,-1.0,1.0
2026-04-14 00:00:00+00:00,2321.17,1.0,0.0,0.0,1.0
2026-04-15 00:00:00+00:00,2358.87,1.0,0.0,-1.0,1.0
2026-04-16 00:00:00+00:00,2346.92,1.0,1.0,0.0,1.0
