Date,Custom,Standard,NautilusTrader
2023-01-01,100000.0,100000.0,100000.0
2023-01-02,100250.47326285933,100000.0,99942.66562
2023-01-03,100265.73088059455,99980.849845,99942.66562
2023-01-04,101504.52516149705,100567.96984500001,99942.66562
2023-01-05,101321.6253397297,100484.599845,99942.66562
2023-01-06,101718.15059847047,100687.99984500001,99942.66562
2023-01-07,101526.68966144815,100603.819845,99942.66562
2023-01-08,102079.45723335772,100889.179845,99942.66562
2023-01-09,103192.63669717837,101382.889845,99942.66562
2023-01-10,103088.30284582447,101394.629845,99942.66562
2023-01-11,103952.59355335377,101859.889845,99942.66562
2023-01-12,102727.6807041078,101434.06984499999,99942.66562
2023-01-13,101668.03559613635,100985.719845,99942.66562
2023-01-14,103641.14943829266,101737.40984500002,99942.66562
2023-01-15,103900.18907885725,101867.989845,99942.66562
2023-01-16,104323.60253488924,101993.399845,99942.66562
2023-01-17,103941.88519775214,101839.579845,99942.66562
2023-01-18,102530.13273742633,101322.399845,99942.66562
2023-01-19,103421.10907179992,101642.15984499999,99942.66562
2023-01-20,104940.80925933953,101980.27984500001,99942.66562
2023-01-21,103422.55926837584,101290.459845,99942.66562
2023-01-22,103573.2191737058,101380.169845,99942.66562
2023-01-23,103195.35678722727,101150.899845,99942.66562
2023-01-24,100709.42536790701,100168.699845,99942.66562
2023-01-25,102355.19128040159,100748.109845,99942.66562
2023-01-26,101980.43870750107,100604.09984499999,99942.66562
2023-01-27,101736.67166660877,100477.129845,99942.66562
2023-01-28,100753.78957481461,100069.329845,99942.66562
2023-01-29,102668.28040301628,100656.789845,99942.66562
2023-01-30,100720.96258561948,100159.579845,99942.66562
2023-01-31,101046.81891624417,100204.939845,99942.66562
2023-02-01,102466.76503775424,100611.709845,99942.66562
2023-02-02,102875.10260218369,100881.349845,99942.66562
2023-02-03,103806.4162681466,101305.58984500001,99942.66562
2023-02-04,104080.32814747776,101462.129845,99942.66562
2023-02-05,103113.15333446968,101183.579845,99942.66562
2023-02-06,102761.44874286297,101088.829845,99942.66562
2023-02-07,104372.71503342636,101632.209845,99942.66562
2023-02-08,103929.77868455612,101538.86984500001,99942.66562
2023-02-09,101350.80853756284,100814.079845,99942.66562
2023-02-10,100293.79373857452,100404.019845,99942.66562
2023-02-11,100941.35541062502,100624.75984500001,99942.66562
2023-02-12,100088.78704879747,100277.529845,99942.66562
2023-02-13,99705.79410073569,100114.479845,99942.66562
2023-02-14,101079.35080840604,100597.06984499999,99942.66562
2023-02-15,102554.87906278478,100618.63984500001,99942.66562
2023-02-16,102093.08842606409,100757.529845,99942.66562
2023-02-17,102900.22985750253,100713.81984499999,99942.66562
2023-02-18,102720.43317641418,100611.339845,99942.66562
2023-02-19,102699.69268580429,100757.86984500001,99942.66562
2023-02-20,102904.8982708932,100610.78984499999,99942.66562
2023-02-21,101596.1261292487,100217.649845,99942.66562
2023-02-22,101262.82188764415,100188.43984500002,99942.66562
2023-02-23,101898.58674448614,100563.469845,99942.66562
2023-02-24,101168.8221732244,100549.239845,99942.66562
2023-02-25,100657.45901430864,100339.499845,99942.66562
2023-02-26,102013.24300603292,100783.759845,99942.66562
2023-02-27,101772.39141259866,100704.139845,99942.66562
2023-02-28,101103.21103359135,100546.699845,99942.66562
2023-03-01,102873.59590048417,101139.11984500001,99942.66562
2023-03-02,102382.11682836962,100990.28984499999,99942.66562
2023-03-03,100722.52976759776,100689.889845,99942.66562
2023-03-04,100616.91292672914,100648.699845,99942.66562
2023-03-05,100394.71910683853,100526.329845,99942.66562
2023-03-06,100478.5986342303,100569.249845,99942.66562
2023-03-07,100651.63095495506,100711.449845,99942.66562
2023-03-08,100212.10394390623,100671.52984500001,99942.66562
2023-03-09,98513.47752891961,100303.669845,99942.66562
2023-03-10,98456.57237094753,100319.359845,99942.66562
2023-03-11,99756.7600687399,100833.859845,99942.66562
2023-03-12,101358.26094798854,101242.959845,99942.66562
2023-03-13,101794.53197371883,100802.749845,99942.66562
2023-03-14,102120.23702352121,100712.91984500001,99942.66562
2023-03-15,100551.96590698988,100207.74984500001,99942.66562
2023-03-16,100601.65679869408,99922.489845,99942.66562
2023-03-17,102433.92657260147,99605.859845,99942.66562
2023-03-18,101658.06537573172,99545.75984500001,99942.66562
2023-03-19,101436.35906687994,98873.499845,99942.66562
2023-03-20,99691.08818321765,98267.159845,99942.66562
2023-03-21,102150.22487130247,99110.799845,99942.66562
2023-03-22,100194.30519664976,98761.09984499999,99942.66562
2023-03-23,102421.28453019202,99146.93984500002,99942.66562
2023-03-24,100548.9160235205,98831.919845,99942.66562
2023-03-25,100218.08976349779,98685.019845,99942.66562
2023-03-26,101038.28078582574,98755.91984500001,99942.66562
2023-03-27,99418.70660624924,98543.179845,99942.66562
2023-03-28,101678.08041320433,99446.879845,99942.66562
2023-03-29,101398.39363008221,98720.789845,99942.66562
2023-03-30,101720.33861107854,99050.579845,99942.66562
2023-03-31,102457.60496417202,99116.129845,99942.66562
2023-04-01,102437.81822457364,99115.61984500001,99942.66562
2023-04-02,101608.36551206508,98923.439845,99942.66562
2023-04-03,102629.06730934918,99583.30984500001,99942.66562
2023-04-04,104758.47799494312,100295.31984499999,99942.66562
2023-04-05,106346.86991773697,100980.53984499999,99942.66562
2023-04-06,104968.22499994838,100463.689845,99942.66562
2023-04-07,104729.59643696673,100434.759845,99942.66562
2023-04-08,104078.24788565167,100134.50984500001,99942.66562
2023-04-09,104123.29577561334,99930.929845,99942.66562
2023-04-10,105011.79602549711,99540.389845,99942.66562
2023-04-11,103676.3976160457,98611.189845,99942.66562
2023-04-12,105079.29114811712,99419.079845,99942.66562
2023-04-13,108602.28132494312,100636.469845,99942.66562
2023-04-14,112183.96793852221,102127.019845,99942.66562
2023-04-15,111933.29045631964,102129.839845,99942.66562
2023-04-16,113092.4845402351,102625.539845,99942.66562
2023-04-17,111955.04893466676,102695.859845,99942.66562
2023-04-18,112350.71706145466,102277.119845,99942.66562
2023-04-19,106582.50054617229,100804.169845,99942.66562
2023-04-20,107466.0280506285,101524.11984500001,99942.66562
2023-04-21,104472.11746408876,100809.329845,99942.66562
2023-04-22,104964.54292014126,100712.159845,99942.66562
2023-04-23,104676.81700161315,100719.52984500001,99942.66562
2023-04-24,103916.29435592692,100436.319845,99942.66562
2023-04-25,104141.00007910328,100083.139845,99942.66562
2023-04-26,104027.58306703073,99967.019845,99942.66562
2023-04-27,104818.92595905208,99677.599845,99942.66562
2023-04-28,104217.12353245533,99519.34984499999,99942.66562
2023-04-29,104988.83358300704,99904.079845,99942.66562
2023-04-30,103417.75398530871,99222.539845,99942.66562
2023-05-01,102802.28708822015,99679.009845,99942.66562
2023-05-02,103864.48591893936,99785.709845,99942.66562
2023-05-03,104995.99686146452,100060.129845,99942.66562
2023-05-04,103995.18809487636,99743.22984500001,99942.66562
2023-05-05,108228.97218128202,101167.919845,99942.66562
2023-05-06,104758.19444259835,100079.869845,99942.66562
2023-05-07,104053.18378652395,100031.22984500001,99942.66562
2023-05-08,103805.27131111514,100381.419845,99942.66562
2023-05-09,103799.39258291069,100403.21984500001,99942.66562
2023-05-10,103591.88083326694,100330.49984500001,99942.66562
2023-05-11,102273.16536792413,100122.909845,99942.66562
2023-05-12,102996.21484110241,100533.219845,99942.66562
2023-05-13,102502.92017925122,100330.829845,99942.66562
2023-05-14,102525.38735684015,100262.28984499999,99942.66562
2023-05-15,102980.04074327428,100323.58984500001,99942.66562
2023-05-16,103442.05342774458,100596.06984499999,99942.66562
2023-05-17,102975.60845779223,100186.679845,99942.66562
2023-05-18,102657.4669194912,100382.929845,99942.66562
2023-05-19,103083.79247876027,100535.629845,99942.66562
2023-05-20,103149.92283668157,100441.25984500001,99942.66562
2023-05-21,102905.2726771671,100534.729845,99942.66562
2023-05-22,103315.98782067915,100657.159845,99942.66562
2023-05-23,104459.6434172348,100947.419845,99942.66562
2023-05-24,103100.58234025542,100863.139845,99942.66562
2023-05-25,103180.10392185058,100821.139845,99942.66562
2023-05-26,103856.34290492756,100988.429845,99942.66562
2023-05-27,103788.32783236774,100877.879845,99942.66562
2023-05-28,105815.342580769,101084.649845,99942.66562
2023-05-29,105453.93398627572,101124.529845,99942.66562
2023-05-30,105825.8214165854,101310.349845,99942.66562
2023-05-31,105172.36879009704,101309.11984500001,99942.66562
2023-06-01,105071.0038499707,101488.239845,99942.66562
2023-06-02,106499.71539534352,101871.779845,99942.66562
2023-06-03,106063.39964764944,101781.989845,99942.66562
2023-06-04,105931.12040154189,101699.099845,99942.66562
2023-06-05,104021.52355849057,101654.929845,99942.66562
2023-06-06,105424.46010975921,101487.56984499999,99942.66562
2023-06-07,104119.91939945114,101433.129845,99942.66562
2023-06-08,104510.37059741773,101517.03984499999,99942.66562
2023-06-09,104312.44635531562,101442.979845,99942.66562
2023-06-10,101284.91970492991,100480.459845,99942.66562
2023-06-11,101241.26916017315,100418.25984500001,99942.66562
2023-06-12,100839.41717648618,100255.19984500001,99942.66562
2023-06-13,100705.63397137188,100182.03984499999,99942.66562
2023-06-14,97876.82546000782,99382.629845,99942.66562
2023-06-15,97993.8527400187,99200.919845,99942.66562
2023-06-16,99275.91584617512,99371.68984500002,99942.66562
2023-06-17,99501.02508846112,99376.819845,99942.66562
2023-06-18,99401.74594108117,99431.259845,99942.66562
2023-06-19,99540.53621121647,99217.759845,99942.66562
2023-06-20,100333.55273117093,98741.959845,99942.66562
2023-06-21,102831.879925374,98804.219845,99942.66562
2023-06-22,102204.1746503531,98605.389845,99942.66562
2023-06-23,102406.99095247104,98172.96984500001,99942.66562
2023-06-24,101794.42149248344,98015.979845,99942.66562
2023-06-25,102836.13251796353,98509.86984500001,99942.66562
2023-06-26,101331.83923842132,97987.599845,99942.66562
2023-06-27,102267.78617600338,98114.129845,99942.66562
2023-06-28,100180.78397784926,97621.079845,99942.66562
2023-06-29,100879.33145257898,97682.639845,99942.66562
2023-06-30,104261.34958642404,99130.349845,99942.66562
2023-07-01,103785.82185238088,98849.229845,99942.66562
2023-07-02,104301.25920872988,99051.739845,99942.66562
2023-07-03,104634.68449640059,98837.649845,99942.66562
2023-07-04,104120.4588172858,98879.219845,99942.66562
2023-07-05,103245.49490806827,98675.799845,99942.66562
2023-07-06,101050.31160398334,98129.75984500001,99942.66562
2023-07-07,101713.23602752715,98125.809845,99942.66562
2023-07-08,101523.61923769987,98083.819845,99942.66562
2023-07-09,101519.96924150042,98163.819845,99942.66562
2023-07-10,102051.73373470447,98229.75984500001,99942.66562
2023-07-11,101798.74057851738,97981.429845,99942.66562
2023-07-12,101715.90995168618,98106.889845,99942.66562
2023-07-13,106389.62320002416,99420.719845,99942.66562
2023-07-14,104450.45348777005,99363.059845,99942.66562
2023-07-15,104198.62437387035,99269.989845,99942.66562
2023-07-16,103857.09867864713,99160.11984500001,99942.66562
2023-07-17,103477.53214238753,99057.729845,99942.66562
2023-07-18,103117.38055773964,99084.77984500001,99942.66562
2023-07-19,102719.25077427393,98880.25984500001,99942.66562
2023-07-20,102930.48311158794,99042.74984500001,99942.66562
2023-07-21,102853.2491849213,98943.549845,99942.66562
2023-07-22,101891.5359802624,98597.489845,99942.66562
2023-07-23,102579.12209303712,98707.519845,99942.66562
2023-07-24,101692.00595613077,98917.629845,99942.66562
2023-07-25,101963.97779992217,99003.099845,99942.66562
2023-07-26,102456.2919603155,99138.169845,99942.66562
2023-07-27,102118.35684762002,99074.389845,99942.66562
2023-07-28,102577.75852203823,99215.409845,99942.66562
2023-07-29,102805.74907483591,99289.509845,99942.66562
2023-07-30,102089.28743827943,99025.259845,99942.66562
2023-07-31,101895.23116783275,98972.399845,99942.66562
2023-08-01,102215.70955568887,98810.599845,99942.66562
2023-08-02,101243.50380160539,98726.319845,99942.66562
2023-08-03,101065.6552840996,98645.06984499999,99942.66562
2023-08-04,100900.96527595451,98624.27984500001,99942.66562
2023-08-05,101196.34014403421,98778.639845,99942.66562
2023-08-06,100924.45774641965,98650.74984500001,99942.66562
2023-08-07,100770.78219170886,98506.869845,99942.66562
2023-08-08,101428.91007929006,98437.109845,99942.66562
2023-08-09,101541.28748716725,98608.439845,99942.66562
2023-08-10,101525.05570667476,98682.83984500001,99942.66562
2023-08-11,101398.46063454292,98647.21984500001,99942.66562
2023-08-12,101440.27565376654,98662.699845,99942.66562
2023-08-13,101162.7713807991,98623.429845,99942.66562
2023-08-14,101254.15052445525,98582.199845,99942.66562
2023-08-15,100758.92969486129,98515.769845,99942.66562
2023-08-16,100274.78116343153,98604.199845,99942.66562
2023-08-17,96859.32250016346,98437.539845,99942.66562
2023-08-18,96601.95787603967,98648.749845,99942.66562
2023-08-19,96887.75573970564,98748.179845,99942.66562
2023-08-20,97440.59163527982,98938.459845,99942.66562
2023-08-21,96770.39680592767,98683.109845,99942.66562
2023-08-22,95490.36480142656,98167.949845,99942.66562
2023-08-23,96948.57628654872,98594.389845,99942.66562
2023-08-24,96438.95938217426,98514.959845,99942.66562
2023-08-25,96257.45909376311,98502.519845,99942.66562
2023-08-26,96020.87076248563,98423.479845,99942.66562
2023-08-27,96401.05051158399,98542.299845,99942.66562
2023-08-28,96163.26689818429,98429.56984499999,99942.66562
2023-08-29,97663.32104388718,98207.349845,99942.66562
2023-08-30,97038.75545277461,98188.27984500001,99942.66562
2023-08-31,95864.30358675087,98477.02984500001,99942.66562
2023-09-01,95311.74879756698,98313.239845,99942.66562
2023-09-02,95571.4951172847,98391.159845,99942.66562
2023-09-03,95413.74723348988,98268.03984499999,99942.66562
2023-09-04,95344.77593800845,98317.289845,99942.66562
2023-09-05,95544.34697301229,98422.129845,99942.66562
2023-09-06,95524.52779895274,98430.879845,99942.66562
2023-09-07,95616.2720688891,98205.109845,99942.66562
2023-09-08,95484.46690717587,98339.549845,99942.66562
2023-09-09,95455.37972416602,98332.239845,99942.66562
2023-09-10,94765.23975672685,98066.079845,99942.66562
2023-09-11,92760.3279578278,97564.909845,99942.66562
2023-09-12,93708.63426153151,97627.489845,99942.66562
2023-09-13,93909.92539127512,97509.28984499999,99942.66562
2023-09-14,94382.54295443298,97547.859845,99942.66562
2023-09-15,94920.12251751026,97737.349845,99942.66562
2023-09-16,94673.72954647422,97653.65984500002,99942.66562
2023-09-17,94210.15235196544,97471.259845,99942.66562
2023-09-18,94563.0633982223,97491.499845,99942.66562
2023-09-19,94387.83530781111,97160.029845,99942.66562
2023-09-20,93600.50413748014,96869.80984500001,99942.66562
2023-09-21,92542.87299070854,96736.969845,99942.66562
2023-09-22,92909.31443676716,96889.429845,99942.66562
2023-09-23,92945.90782872959,96907.649845,99942.66562
2023-09-24,92727.49238849303,96998.52984500001,99942.66562
2023-09-25,92985.43247697031,97079.259845,99942.66562
2023-09-26,93306.59545376102,97264.639845,99942.66562
2023-09-27,93343.05498526449,97196.65984500002,99942.66562
2023-09-28,94942.95280619158,97526.55984500001,99942.66562
2023-09-29,95653.31412896761,97901.269845,99942.66562
2023-09-30,95741.7165273784,97907.589845,99942.66562
2023-10-01,97355.09189053773,98009.77984500001,99942.66562
2023-10-02,94831.95738435118,97222.819845,99942.66562
2023-10-03,94664.60807370597,97191.50984500001,99942.66562
2023-10-04,93905.4166199452,96653.999845,99942.66562
2023-10-05,92794.355085038,96395.959845,99942.66562
2023-10-06,93686.59171108957,96473.579845,99942.66562
2023-10-07,93185.33393305319,96241.71984500001,99942.66562
2023-10-08,93190.671106224,96268.199845,99942.66562
2023-10-09,91294.24580716528,95646.349845,99942.66562
2023-10-10,90958.8333890596,95621.349845,99942.66562
2023-10-11,91410.59784338894,96122.269845,99942.66562
2023-10-12,90388.49510062906,95747.479845,99942.66562
2023-10-13,90809.32924168123,95871.009845,99942.66562
2023-10-14,90933.95649394162,95930.56984499999,99942.66562
2023-10-15,90756.61731402893,95679.83984500001,99942.66562
2023-10-16,91200.3638248714,95082.90984500002,99942.66562
2023-10-17,89856.11245548225,94568.399845,99942.66562
2023-10-18,89856.748124479,94616.049845,99942.66562
2023-10-19,89641.5468853949,94278.679845,99942.66562
2023-10-20,90378.11346314702,93995.109845,99942.66562
2023-10-21,91225.48165255133,94205.24984500001,99942.66562
2023-10-22,92605.77570675814,94748.269845,99942.66562
2023-10-23,94436.04871487999,93502.419845,99942.66562
2023-10-24,94698.9935567443,93001.03984499999,99942.66562
2023-10-25,94441.85283592087,92466.77984500001,99942.66562
2023-10-26,95316.62805104177,93103.30984500001,99942.66562
2023-10-27,94473.05187556728,92931.30984500001,99942.66562
2023-10-28,94225.38908865055,92684.729845,99942.66562
2023-10-29,94747.16830298837,92580.759845,99942.66562
2023-10-30,95354.2637544944,92882.11984500001,99942.66562
2023-10-31,95492.05886507066,92818.41984500001,99942.66562
2023-11-01,96384.3700394941,92618.519845,99942.66562
2023-11-02,94726.89322191382,92266.93984500002,99942.66562
2023-11-03,96180.88091717061,93066.129845,99942.66562
2023-11-04,96931.58880766682,93131.77984500001,99942.66562
2023-11-05,98463.66690673522,93833.02984500001,99942.66562
2023-11-06,98828.56650014667,93965.139845,99942.66562
2023-11-07,97977.25538543344,93329.86984500001,99942.66562
2023-11-08,97970.5097473096,93155.56984499999,99942.66562
2023-11-09,107082.12460730218,96276.799845,99942.66562
2023-11-10,104958.45988089318,94891.459845,99942.66562
2023-11-11,104021.7515509536,94621.18984500002,99942.66562
2023-11-12,103701.42116832516,94534.239845,99942.66562
2023-11-13,104377.0556755261,95296.899845,99942.66562
2023-11-14,101761.61937184403,94871.959845,99942.66562
2023-11-15,103788.57216816292,93988.569845,99942.66562
2023-11-16,100575.88389504314,93942.479845,99942.66562
2023-11-17,100297.51919200258,93474.96984500001,99942.66562
2023-11-18,100394.29497337446,93552.829845,99942.66562
2023-11-19,102020.54583649735,93640.729845,99942.66562
2023-11-20,102388.64242231591,93730.549845,99942.66562
2023-11-21,99547.01658491213,93846.659845,99942.66562
2023-11-22,104066.86410963666,94523.569845,99942.66562
2023-11-23,104077.82938591343,94619.449845,99942.66562
2023-11-24,104647.13708204753,94535.679845,99942.66562
2023-11-25,104707.89800839392,94509.079845,99942.66562
2023-11-26,104003.70435023229,94468.639845,99942.66562
2023-11-27,102654.21337123819,94046.429845,99942.66562
2023-11-28,103228.8675942901,93841.779845,99942.66562
2023-11-29,102406.97186220661,93458.06984499999,99942.66562
2023-11-30,103432.00321730736,94005.449845,99942.66562
2023-12-01,104439.62533016031,93681.929845,99942.66562
2023-12-02,107311.76659744605,94309.099845,99942.66562
2023-12-03,108255.4867572836,94294.969845,99942.66562
2023-12-04,109490.96854569418,93183.689845,99942.66562
2023-12-05,110763.77752771419,92000.749845,99942.66562
2023-12-06,108347.99659849993,91220.03984499999,99942.66562
2023-12-07,113638.00182239269,93924.12984500002,99942.66562
2023-12-08,113436.96776517291,93080.099845,99942.66562
2023-12-09,112836.53291484847,93209.349845,99942.66562
2023-12-10,113304.10784950477,93347.639845,99942.66562
2023-12-11,108906.10959060391,93592.889845,99942.66562
2023-12-12,107907.76154600548,92964.019845,99942.66562
2023-12-13,109726.2535522239,92607.979845,99942.66562
2023-12-14,111962.67341928341,93447.629845,99942.66562
2023-12-15,108412.62712840724,92822.829845,99942.66562
2023-12-16,108634.01326715018,92637.37984499999,99942.66562
2023-12-17,107624.6789625885,92956.83984500001,99942.66562
2023-12-18,108072.0624900378,92086.06984499999,99942.66562
2023-12-19,106484.70554730418,91720.519845,99942.66562
2023-12-20,106969.41452509508,90764.25984500001,99942.66562
2023-12-21,108457.146724315,91245.30984500001,99942.66562
2023-12-22,111951.9528435247,92666.809845,99942.66562
2023-12-23,111364.89975695834,92639.56984499999,99942.66562
2023-12-24,109778.12164277576,92555.52984500001,99942.66562
2023-12-25,109868.70348455988,92102.299845,99942.66562
2023-12-26,108561.9322057825,92441.039845,99942.66562
2023-12-27,114353.04670174661,94175.579845,99942.66562
2023-12-28,113236.9685211612,94425.069845,99942.66562
2023-12-29,111550.17596462466,94112.77984500001,99942.66562
2023-12-30,111209.09861359108,93904.08984500001,99942.66562
2023-12-31,110746.9492271072,93584.209845,99942.66562
2024-01-01,112955.12309179963,92951.299845,99942.66562
2024-01-02,112739.01110316224,92835.38437000001,92948.9386
2024-01-03,118042.14221706746,94728.44437000001,92948.9386
2024-01-04,115783.75108669921,93982.37437,92948.9386
2024-01-05,115504.82306590558,93998.95304000002,93635.09330499999
2024-01-06,114324.58117510368,93606.95304000002,93635.09330499999
2024-01-07,113480.49278835309,93335.91304000001,93635.09330499999
2024-01-08,117269.76926752114,94862.19304000001,93635.09330499999
2024-01-09,118131.93783526334,95056.09304000004,93635.09330499999
2024-01-10,128595.1806745007,98417.35304000002,93635.09330499999
2024-01-11,130179.46749275508,98888.17304000002,93635.09330499999
2024-01-12,132934.37567722658,100121.42901000002,98445.590915
2024-01-13,130298.75479346825,99397.97901000004,98445.590915
2024-01-14,134735.7222249712,100767.13901000004,98445.590915
2024-01-15,133041.0038452833,100261.30901000003,98445.590915
2024-01-16,129613.94017373002,99278.24901000003,98445.590915
2024-01-17,132065.95820470725,100021.97901000004,98445.590915
2024-01-18,134406.39479042037,100793.91901000004,98445.590915
2024-01-19,133455.46487308628,100518.44901000004,98445.590915
2024-01-20,132079.0665750223,100231.38304000004,99864.26091499999
2024-01-21,131391.49644904246,100021.94304000004,99864.26091499999
2024-01-22,125110.5266446574,98022.04304000005,99864.26091499999
2024-01-23,121539.99776674744,97019.64304000005,99864.26091499999
2024-01-24,121111.44123737632,96913.52304000003,99864.26091499999
2024-01-25,120361.04223493424,96684.20304000005,99864.26091499999
2024-01-26,122112.34510485808,97370.76304000005,99864.26091499999
2024-01-27,122033.44283982596,97374.40304000003,99864.26091499999
2024-01-28,121526.70825689936,97219.84304000004,99864.26091499999
2024-01-29,124078.02496013924,98069.64304000005,99864.26091499999
2024-01-30,125405.47172565461,98425.38304000004,99864.26091499999
2024-01-31,122617.39198343965,97587.20304000005,99864.26091499999
2024-02-01,121374.43032082099,97284.67359000002,97053.18903499999
2024-02-02,121178.68426936182,97217.75359000004,97053.18903499999
2024-02-03,121714.81668351674,97393.73359000005,97053.18903499999
2024-02-04,121907.75964138347,97487.53359000004,97053.18903499999
2024-02-05,121367.10353909546,97318.97359000004,97053.18903499999
2024-02-06,118125.44911502839,96327.63359000004,97053.18903499999
2024-02-07,119723.74168197556,97055.23570000005,95607.47919499999
2024-02-08,119864.01738537592,97119.84043000004,96243.702645
2024-02-09,117385.86254644122,96248.71043000004,96243.702645
2024-02-10,116969.49201654403,96070.87043000004,96243.702645
2024-02-11,116826.92197138404,95980.26043000002,96243.702645
2024-02-12,110945.84194217177,93994.12043000004,96243.702645
2024-02-13,111600.04080569175,94254.12043000004,96243.702645
2024-02-14,107157.24287131923,92501.46043000004,96243.702645
2024-02-15,105562.28797706896,91880.32043000002,96243.702645
2024-02-16,106297.51586279416,92150.59043000004,96243.702645
2024-02-17,106686.62610663807,92356.90043000004,96243.702645
2024-02-18,103650.83568144529,91118.39043000003,96243.702645
2024-02-19,101567.28485974616,90291.59043000004,96243.702645
2024-02-20,99612.46027285837,89381.46043000004,96243.702645
2024-02-21,100824.1118729912,89991.29043000002,96243.702645
2024-02-22,100565.47850713418,89945.79043000002,96243.702645
2024-02-23,101850.63586883462,90584.87043000004,96243.702645
2024-02-24,99949.13530937655,89669.93043000004,96243.702645
2024-02-25,96541.02545280888,88110.32043000002,96243.702645
2024-02-26,95598.02176866816,87286.77043000003,96243.702645
2024-02-27,94598.70926548136,86423.31043000003,96243.702645
2024-02-28,92625.19807123323,84593.69043000003,96243.702645
2024-02-29,93223.45133808721,85152.82043000002,96243.702645
2024-03-01,91420.85870469762,83939.40043000004,96243.702645
2024-03-02,91566.57676196692,84095.79043000002,96243.702645
2024-03-03,90421.32673634717,83232.46043000004,96243.702645
2024-03-04,88870.52523012701,81413.11043000003,96243.702645
2024-03-05,89070.36653627412,82376.54043000002,96243.702645
2024-03-06,84354.23465693055,78932.32043000002,96243.702645
2024-03-07,83669.1421998468,78280.11043000003,96243.702645
2024-03-08,83772.62898929305,78090.31043000004,96243.702645
2024-03-09,83456.0040508948,77806.26043000002,96243.702645
2024-03-10,84073.84837584171,78153.88043000003,96243.702645
2024-03-11,81781.33686980909,75731.59043000004,96243.702645
2024-03-12,82900.21133244212,76834.51043000002,96243.702645
2024-03-13,82940.37108898802,76511.72043000003,96243.702645
2024-03-14,84421.08252088954,78111.89043000003,96243.702645
2024-03-15,86239.40897269039,79925.52043000003,96243.702645
2024-03-16,89035.82963407281,82773.82043000002,96243.702645
2024-03-17,90394.1380267831,83614.59116000001,81853.570675
2024-03-18,88077.08567411557,82744.84116000001,81853.570675
2024-03-19,82204.09434501681,80212.10116000002,81853.570675
2024-03-20,87662.35514103473,82717.33116000003,81853.570675
2024-03-21,87755.04213373389,82551.57116000002,81853.570675
2024-03-22,85044.5544842188,81456.07116000002,81853.570675
2024-03-23,84851.88004988657,81408.33116000003,81853.570675
2024-03-24,86494.5901338821,82286.48116000002,81853.570675
2024-03-25,88558.77398190697,83234.56116000001,81853.570675
2024-03-26,88378.75089514103,83245.55987000001,82373.370595
2024-03-27,89995.62040568746,83848.53987000001,82373.370595
2024-03-28,89037.51805078318,83433.43987000002,82373.370595
2024-03-29,89857.44882018409,83788.68987000002,82373.370595
2024-03-30,89566.9643499701,83749.46065000002,82864.426055
2024-03-31,92103.209703942,84727.01065000001,82864.426055
2024-04-01,89493.59294834867,83736.58065000002,82864.426055
2024-04-02,85741.1420473413,82162.70065000001,82864.426055
2024-04-03,86276.94171427673,82385.79065000001,82864.426055
2024-04-04,85978.92508404641,82501.78065000003,82864.426055
2024-04-05,85934.65229010073,82434.93065000002,82864.426055
2024-04-06,86382.15314766143,82671.11065000002,82864.426055
2024-04-07,88424.35948076505,83389.38065000002,82864.426055
2024-04-08,92943.8720631836,85072.25065000003,82864.426055
2024-04-09,89530.24164600571,83754.71065000002,82864.426055
2024-04-10,90007.82751098285,84029.46065000002,82864.426055
2024-04-11,89241.206522369,83727.62065000003,82864.426055
2024-04-12,84334.52332668673,81871.99065000002,82864.426055
2024-04-13,80283.53093165936,80259.05065000002,82864.426055
2024-04-14,82918.22532511252,81295.75065000003,82864.426055
2024-04-15,82375.27231479589,80923.91065000002,82864.426055
2024-04-16,81898.9027552694,80799.52065000002,82864.426055
2024-04-17,80506.2222835843,80107.85065000002,82864.426055
2024-04-18,81519.64258215054,80660.78065000003,82864.426055
2024-04-19,81256.58350245276,80605.20065000001,82864.426055
2024-04-20,83037.06956995245,81300.51065000001,82864.426055
2024-04-21,82865.75618804831,81243.67065000001,82864.426055
2024-04-22,83479.4625518629,81611.38065000002,82864.426055
2024-04-23,83981.19162138941,81746.20065000001,82864.426055
2024-04-24,82858.53370154554,81195.58065000002,82864.426055
2024-04-25,83116.26898663811,81300.58065000002,82864.426055
2024-04-26,82793.72600575609,81129.08065000002,82864.426055
2024-04-27,85481.43205052926,81998.90065000003,82864.426055
2024-04-28,85739.78335431099,82054.13065000002,82864.426055
2024-04-29,84554.89028372709,81727.09065000003,82864.426055
2024-04-30,81159.93736404463,80308.33065000002,82864.426055
2024-05-01,80968.28998414836,80017.20065000001,82864.426055
2024-05-02,80660.81869375975,79898.44327000002,79032.12701499999
2024-05-03,79465.19319093908,78967.08327000003,79032.12701499999
2024-05-04,79499.52153397955,78850.12327000001,79032.12701499999
2024-05-05,79172.91272599928,78696.68327000002,79032.12701499999
2024-05-06,80285.61153678781,79287.16327000002,79032.12701499999
2024-05-07,81127.88263393717,79742.44327000002,79032.12701499999
2024-05-08,80606.25371538551,79481.58620000002,78656.41192
2024-05-09,81246.82918604539,79977.74620000002,78656.41192
2024-05-10,79382.39940138727,78967.82620000001,78656.41192
2024-05-11,79421.65353915864,78987.50620000003,78656.41192
2024-05-12,79545.31715643102,79122.22620000003,78656.41192
2024-05-13,79512.30026135358,79295.82620000001,78656.41192
2024-05-14,78529.5136216761,78743.34620000003,78656.41192
2024-05-15,80091.21442819692,79948.30620000002,78656.41192
2024-05-16,78571.31947643518,79245.50620000003,78656.41192
2024-05-17,81052.30899292282,80423.98620000001,78656.41192
2024-05-18,81709.09642941937,80671.42620000002,78656.41192
2024-05-19,80831.55118914004,80257.42620000002,78656.41192
2024-05-20,91401.71405872016,84982.14620000002,78656.41192
2024-05-21,94304.13219153645,86004.70620000002,78656.41192
2024-05-22,93490.32072657216,85589.74620000002,78656.41192
2024-05-23,91975.16371677323,85257.22304000001,84434.23959
2024-05-24,93212.52199592507,85644.53304000001,84434.23959
2024-05-25,92968.9132229375,85497.67304000002,84434.23959
2024-05-26,91215.57179287898,84957.20304000002,84434.23959
2024-05-27,90136.26979350601,84482.95304000002,84434.23959
2024-05-28,90794.0217048094,84829.66304000001,84434.23959
2024-05-29,92080.75559933981,85370.48304000002,84434.23959
2024-05-30,91244.54869379572,85222.40072000002,84182.57470499999
2024-05-31,91729.50844673488,85323.06072000001,84182.57470499999
2024-06-01,92734.3253368776,85697.77072000003,84182.57470499999
2024-06-02,92041.43992833786,85453.40072000002,84182.57470499999
2024-06-03,91504.7644031712,85356.45072000002,84182.57470499999
2024-06-04,91941.02781091792,85658.64072000002,84182.57470499999
2024-06-05,92914.91734820136,86048.96072000002,84182.57470499999
2024-06-06,91941.96571089767,85681.25072000001,84182.57470499999
2024-06-07,89590.09455267087,84735.27072000003,84182.57470499999
2024-06-08,89664.40373133453,84758.02072000003,84182.57470499999
2024-06-09,90076.51281057406,84931.83072000003,84182.57470499999
2024-06-10,89336.60934790336,84661.98072000002,84182.57470499999
2024-06-11,86480.32696411428,83468.34072000001,84182.57470499999
2024-06-12,87484.61075618198,83907.87072000002,84182.57470499999
2024-06-13,86050.12449010709,83272.83072000003,84182.57470499999
2024-06-14,86482.72516777288,83359.63072000002,84182.57470499999
2024-06-15,88159.61611827042,83968.21072000002,84182.57470499999
2024-06-16,86906.1035997397,83567.95447000003,82716.801165
2024-06-17,89024.13494078987,84358.60447000002,82716.801165
2024-06-18,89243.7220046196,84554.88447000002,82716.801165
2024-06-19,87590.56832514246,84015.25447000001,82716.801165
2024-06-20,88499.785780756,84347.26447000002,82716.801165
2024-06-21,88197.17319925793,84309.32447000002,82716.801165
2024-06-22,88689.87566460909,84468.57447000002,82716.801165
2024-06-23,89954.43906481596,84992.45447000003,82716.801165
2024-06-24,90654.06250411803,85469.71447,82716.801165
2024-06-25,90101.17821319617,85174.45447000003,82716.801165
2024-06-26,90364.59413027197,85338.74447,82716.801165
2024-06-27,88837.15135435315,84785.74447,82716.801165
2024-06-28,89980.77323249384,85277.77447,82716.801165
2024-06-29,90151.64649358983,85287.22447000002,82716.801165
2024-06-30,89312.36919973635,84871.70447000003,82716.801165
2024-07-01,89256.09213477245,84843.42447000001,82716.801165
2024-07-02,89497.88677406745,84989.37447000001,82716.801165
2024-07-03,87050.55502066303,83972.15042000002,83676.682815
2024-07-04,82885.5125976142,82085.91042000003,83676.682815
2024-07-05,81347.6865245032,81462.55042000001,83676.682815
2024-07-06,82665.13453300325,82142.95042000001,83676.682815
2024-07-07,80460.62262545555,81056.31042000002,83676.682815
2024-07-08,82064.90503964266,81760.39042000001,83676.682815
2024-07-09,82668.08462974751,82141.51042000002,83676.682815
2024-07-10,83497.52161741018,82416.71042000002,83676.682815
2024-07-11,83580.95932886229,82404.87042000002,83676.682815
2024-07-12,84147.23775659144,82679.35042000003,83676.682815
2024-07-13,84654.37239489611,83015.75042000003,83676.682815
2024-07-14,83371.66853795663,82453.02263000002,81887.28439
2024-07-15,79619.24379549803,80546.54263000003,81887.28439
2024-07-16,80386.76762158253,80860.62263000003,81887.28439
2024-07-17,81141.33375175082,81317.26263000001,81887.28439
2024-07-18,80376.10839969394,81001.66263000004,81887.28439
2024-07-19,79730.37037180035,80385.42263000002,81887.28439
2024-07-20,79619.3131469246,80273.66263000004,81887.28439
2024-07-21,79591.35315697314,80126.30263000002,81887.28439
2024-07-22,81053.7135126088,80896.86263000002,81887.28439
2024-07-23,79824.34670031047,80553.58263000002,81887.28439
2024-07-24,77172.7536594524,79516.23510000002,79356.287915
2024-07-25,74243.40168934951,78393.92510000002,79356.287915
2024-07-26,75381.51087527159,79087.83510000003,79356.287915
2024-07-27,74934.5274699431,78908.63510000001,79356.287915
2024-07-28,75210.92567400644,79056.68510000002,79356.287915
2024-07-29,76427.74145554281,79389.18510000002,79356.287915
2024-07-30,75917.1799268621,79120.03510000002,79356.287915
2024-07-31,75539.0500088938,78794.74510000003,79356.287915
2024-08-01,74811.29261175665,78589.36510000002,79356.287915
2024-08-02,72171.79522881312,77092.83510000003,79356.287915
2024-08-03,70921.2057200323,76491.04510000002,79356.287915
2024-08-04,68000.07393155494,74988.00510000001,79356.287915
2024-08-05,64771.561203397796,73102.69510000001,79356.287915
2024-08-06,64667.01276719331,73394.87510000002,79356.287915
2024-08-07,62930.969461969435,72565.16510000001,79356.287915
2024-08-08,66274.24335929469,74943.06510000002,79356.287915
2024-08-09,65065.952254785545,74357.02510000003,79356.287915
2024-08-10,65232.72838898111,74435.00510000001,79356.287915
2024-08-11,64986.57375085109,74053.22510000001,79356.287915
2024-08-12,67688.52305362653,75221.66510000001,79356.287915
2024-08-13,66921.59722644686,75082.64510000002,79356.287915
2024-08-14,66818.60304874831,74795.71510000002,79356.287915
2024-08-15,65607.15559011271,74154.79510000002,79356.287915
2024-08-16,65528.25112491478,74314.67510000002,79356.287915
2024-08-17,65697.06751262583,74467.13510000001,79356.287915
2024-08-18,66011.55909410825,74450.61510000002,79356.287915
2024-08-19,66083.52653562216,74620.08510000003,79356.287915
2024-08-20,65112.26532842021,74175.30510000003,79356.287915
2024-08-21,65397.15257659285,74580.53510000002,79356.287915
2024-08-22,65504.53564109934,74525.72510000001,79356.287915
2024-08-23,66760.77180362404,75502.92510000002,79356.287915
2024-08-24,66819.4622508962,75541.56510000002,79356.287915
2024-08-25,66418.3989942621,75388.47510000001,79356.287915
2024-08-26,65664.72425482642,74928.99510000003,79356.287915
2024-08-27,62775.31970504406,73366.87510000002,79356.287915
2024-08-28,64141.78712558195,73863.87510000002,79356.287915
2024-08-29,64019.70710516659,73858.83510000003,79356.287915
2024-08-30,64069.43453356523,73847.56510000002,79356.287915
2024-08-31,63892.087401282595,73756.63510000001,79356.287915
2024-09-01,62927.49720913619,73145.60510000002,79356.287915
2024-09-02,64238.60386321203,73931.63510000001,79356.287915
2024-09-03,62813.578090352195,73142.59510000002,79356.287915
2024-09-04,63085.999445337315,73320.53510000002,79356.287915
2024-09-05,62274.73080688312,72747.23510000002,79356.287915
2024-09-06,60579.61525326094,71742.17510000002,79356.287915
2024-09-07,61344.46749837087,72080.62510000002,79356.287915
2024-09-08,61477.605894561704,72246.66510000001,79356.287915
2024-09-09,61724.535775462995,72682.06510000002,79356.287915
2024-09-10,62017.58695869833,72885.20510000002,79356.287915
2024-09-11,61281.42865533853,72549.41510000001,79356.287915
2024-09-12,61371.27813738997,72697.88510000001,79356.287915
2024-09-13,61911.561217796756,73239.89510000002,79356.287915
2024-09-14,61694.699721545025,73090.09510000002,79356.287915
2024-09-15,60191.542926212285,72378.26510000002,79356.287915
2024-09-16,60138.04002487741,72235.32510000002,79356.287915
2024-09-17,60225.28185746462,72558.16510000001,79356.287915
2024-09-18,60339.21938601963,72788.81510000002,79356.287915
2024-09-19,61560.90451016309,73422.03510000002,79356.287915
2024-09-20,63170.10531637659,74095.36510000002,79356.287915
2024-09-21,64019.99062321143,74452.36510000002,79356.287915
2024-09-22,63403.757630034524,74232.56510000002,79356.287915
2024-09-23,64627.057025535105,74694.35510000002,79356.287915
2024-09-24,64469.64297766614,74737.96510000002,79356.287915
2024-09-25,63497.60931991516,74225.21510000002,79356.287915
2024-09-26,63825.90354081095,74591.38510000001,79356.287915
2024-09-27,64750.52216602701,75026.57510000002,79356.287915
2024-09-28,64389.973511118995,74892.03510000002,79356.287915
2024-09-29,64150.119324127096,74768.90510000002,79356.287915
2024-09-30,63790.824065870795,74381.17510000002,79356.287915
2024-10-01,61810.67062898888,73300.09510000002,79356.287915
2024-10-02,60391.8801511865,72714.26510000002,79356.287915
2024-10-03,60108.95431791882,72614.16510000001,79356.287915
2024-10-04,60823.937763926966,73066.43510000002,79356.287915
2024-10-05,60835.43196727705,73068.18510000002,79356.287915
2024-10-06,61051.80924040926,73245.77510000003,79356.287915
2024-10-07,60921.72226131331,73124.53510000002,79356.287915
2024-10-08,61258.409220538415,73251.79510000002,79356.287915
2024-10-09,60479.51893911291,72758.85510000002,79356.287915
2024-10-10,60855.54792836642,72870.99510000003,79356.287915
2024-10-11,61083.71438675658,73242.06510000002,79356.287915
2024-10-12,61532.02835640636,73500.36510000002,79356.287915
2024-10-13,61496.947075333985,73447.93510000002,79356.287915
2024-10-14,63379.739941780455,74574.09510000002,79356.287915
2024-10-15,62725.35181397937,74417.43510000002,79356.287915
2024-10-16,62610.25861719527,74380.09287000002,73168.010075
2024-10-17,62651.75378425114,74422.49287000002,73168.010075
2024-10-18,62271.09872994803,74131.53287000002,73168.010075
2024-10-19,62154.011494056074,74083.29287000002,73168.010075
2024-10-20,60649.58154097949,73293.61287000001,73168.010075
2024-10-21,61484.338192704265,73935.29287000002,73168.010075
2024-10-22,60564.26432035578,73576.01274,72566.399225
2024-10-23,59125.44244964595,72790.41274000003,72566.399225
2024-10-24,58915.75199536582,72880.09274000002,72566.399225
2024-10-25,57704.60495358017,72118.49274000002,72566.399225
2024-10-26,58297.066718761474,72453.61274000001,72566.399225
2024-10-27,58479.83363318478,72655.93274000002,72566.399225
2024-10-28,58988.76419779059,73133.37274000002,72566.399225
2024-10-29,59521.705775350376,73703.93274000002,72566.399225
2024-10-30,59942.855246251645,73867.05274000001,72566.399225
2024-10-31,58057.85542795143,72742.41274000003,72566.399225
2024-11-01,58122.420550509196,72685.45274000001,72566.399225
2024-11-02,57864.083820753076,72547.37274000002,72566.399225
2024-11-03,57400.30743301683,72255.37274000002,72566.399225
2024-11-04,56635.61291865386,71779.21274000002,72566.399225
2024-11-05,56661.35857999153,71973.93274000002,72566.399225
2024-11-06,60157.66124332581,74368.49274000002,72566.399225
2024-11-07,62977.87993319745,75757.29274,72566.399225
2024-11-08,63949.55828277454,76287.53274000002,72566.399225
2024-11-09,61057.30685962217,74962.96749000001,74860.15985
2024-11-10,60916.69670644398,74506.96749000001,74860.15985
2024-11-11,59821.438358779225,72999.92749,74860.15985
2024-11-12,61299.04194651214,74022.24749000001,74860.15985
2024-11-13,62535.62162855432,74475.36749,74860.15985
2024-11-14,63762.236405953576,75502.08749,74860.15985
2024-11-15,63992.64859945307,75252.56749000002,74860.15985
2024-11-16,63261.16067459625,74909.68749000001,74860.15985
2024-11-17,63949.74093121251,75364.64749,74860.15985
2024-11-18,62066.413327754366,74310.24749000001,74860.15985
2024-11-19,63812.69584416784,75113.12749000001,74860.15985
2024-11-20,64744.284715356145,75412.88749000002,74860.15985
2024-11-21,68089.03355361827,77404.55758000002,74038.15048
2024-11-22,67561.17171816538,77208.34758000002,74038.15048
2024-11-23,68773.48328932133,77671.25758,74038.15048
2024-11-24,68237.52797416844,77442.28758,74038.15048
2024-11-25,66361.20916044863,77059.31395000001,76011.21708
2024-11-26,67484.17722250825,77687.63395000002,76011.21708
2024-11-27,63113.8567303066,75387.78395000001,76011.21708
2024-11-28,64000.27862843461,75909.21395000002,76011.21708
2024-11-29,64143.080744310326,75815.27395000002,76011.21708
2024-11-30,62502.86148819646,75035.54395000002,76011.21708
2024-12-01,62587.14318970725,75007.47395000001,76011.21708
2024-12-02,63133.83228404152,75456.80395000002,76011.21708
2024-12-03,63499.2132177485,75659.17395000003,76011.21708
2024-12-04,61110.63442098446,74096.14395000003,76011.21708
2024-12-05,61408.962120875585,74464.34395000001,76011.21708
2024-12-06,59406.61538267395,72968.65395,76011.21708
2024-12-07,59442.93659738358,72987.20395000002,76011.21708
2024-12-08,59586.56291119801,72931.69395000002,76011.21708
2024-12-09,61946.215595838905,74976.74395000002,76011.21708
2024-12-10,62824.46691184368,75562.99395000002,76011.21708
2024-12-11,61061.08934325259,74138.07395000002,76011.21708
2024-12-12,60294.08894194446,73789.47395000001,76011.21708
2024-12-13,60267.94429874429,73613.14395000003,76011.21708
2024-12-14,60661.522881186174,73868.71395000002,76011.21708
2024-12-15,60220.82461699589,73247.11395000001,76011.21708
2024-12-16,60214.668829562506,73057.06395000001,76011.21708
2024-12-17,61195.614962091466,73709.67395000003,76011.21708
2024-12-18,63039.23429836438,75573.14395000003,76011.21708
2024-12-19,65163.26907351982,77041.67395000003,76011.21708
2024-12-20,65684.79189310744,77417.82292000002,75609.725385
2024-12-21,63912.04975538088,76484.79292,75609.725385
2024-12-22,63487.57924317705,76085.16292000002,75609.725385
2024-12-23,65508.906207734326,77070.06292000003,75609.725385
2024-12-24,65790.92723890854,77564.61292000001,75609.725385
2024-12-25,65710.34344262492,77591.35292000002,75609.725385
2024-12-26,64063.446338411406,76457.70292000001,75609.725385
2024-12-27,64312.188462306534,76446.92292000001,75609.725385
2024-12-28,65108.08711481059,76940.35292000002,75609.725385
2024-12-29,64731.05090699224,76607.71292000002,75609.725385
2024-12-30,64283.74760116652,76560.12348000001,75115.529305
2024-12-31,64765.99111233246,76728.54348000002,75115.529305
2025-01-01,64639.293831931456,76570.34348000001,75115.529305
2025-01-02,63767.98450364475,75903.31348000001,75115.529305
2025-01-03,61976.178965846746,74829.93348,75115.529305
2025-01-04,61403.826665995555,74494.84348000001,75115.529305
2025-01-05,61673.58681215223,74641.07348000002,75115.529305
2025-01-06,61798.42508359198,74280.85348000002,75115.529305
2025-01-07,64315.82322959537,76423.83348000002,75115.529305
2025-01-08,64679.81866340581,76801.97348000002,75115.529305
2025-01-09,63456.41486918046,76035.36161000002,75249.986215
2025-01-10,63690.4001754181,76370.24161000001,75249.986215
2025-01-11,63933.830715611795,76480.77161000001,75249.986215
2025-01-12,63727.12725833594,76372.06161,75249.986215
2025-01-13,61914.34500639588,75463.53161,75249.986215
2025-01-14,62759.62039526854,76080.37161,75249.986215
2025-01-15,65196.219267193745,77661.60161000001,75249.986215
2025-01-16,63274.34807730818,76657.31161,75249.986215
2025-01-17,64892.3367535986,77816.37161,75249.986215
2025-01-18,62495.563693181364,76654.93161000001,75249.986215
2025-01-19,61702.22142588562,76006.80161000001,75249.986215
2025-01-20,62510.139065400755,76488.96161000001,75249.986215
2025-01-21,62487.89840026662,76793.74161000001,75249.986215
2025-01-22,61665.22332760145,76199.16161000001,75249.986215
2025-01-23,62968.67257552219,76868.43161000001,75249.986215
2025-01-24,62424.83516398096,76671.59161,75249.986215
2025-01-25,62564.771395667114,76732.35161000001,75249.986215
2025-01-26,61688.495087943746,76129.23161000002,75249.986215
2025-01-27,61072.489058237756,75778.04161000001,75249.986215
2025-01-28,59729.639939050714,75045.00161,75249.986215
2025-01-29,59839.85183095267,75298.26161000002,75249.986215
2025-01-30,61549.26156121386,76232.69161000001,75249.986215
2025-01-31,62651.817603987016,76607.89161000002,75249.986215
2025-02-01,60375.18131265738,75323.74161000001,75249.986215
2025-02-02,57398.989936032376,73588.72161000001,75249.986215
2025-02-03,56898.6844621638,73660.26161000002,75249.986215
2025-02-04,55403.23961956656,72619.29161000001,75249.986215
2025-02-05,56401.89060325276,73018.71161000001,75249.986215
2025-02-06,54991.2539139668,72307.44161000001,75249.986215
2025-02-07,54097.540548177596,71855.66161000001,75249.986215
2025-02-08,54253.562883291685,71928.18161000001,75249.986215
2025-02-09,54176.45605778253,71891.22161000001,75249.986215
2025-02-10,54476.79728858167,72129.29161000001,75249.986215
2025-02-11,53950.03955754294,71719.09161,75249.986215
2025-02-12,55462.32108511981,72668.85161000001,75249.986215
2025-02-13,54810.34410730329,72232.05161000001,75249.986215
2025-02-14,55349.0624526465,72582.61161000002,75249.986215
2025-02-15,54876.26515433687,72352.24161000001,75249.986215
2025-02-16,54690.33547881105,72130.83161000001,75249.986215
2025-02-17,55906.376975049214,72709.31161,75249.986215
2025-02-18,54918.62735000965,72204.89161000002,75249.986215
2025-02-19,55348.27295055652,72509.46161000001,75249.986215
2025-02-20,55364.107336357,72667.24161000001,75249.986215
2025-02-21,54683.16030120145,72141.96161000001,75249.986215
2025-02-22,56016.15801060049,72843.50161,75249.986215
2025-02-23,56858.16829754281,73238.79161000001,75249.986215
2025-02-24,53430.184059184976,71095.60161000001,75249.986215
2025-02-25,53752.41904818616,70970.86161000002,75249.986215
2025-02-26,52465.64063372882,69855.55161000001,75249.986215
2025-02-27,51954.51550554185,69655.00161,75249.986215
2025-02-28,51057.14598598855,69164.09161,75249.986215
2025-03-01,51586.993095970916,69339.17884000001,67565.02767
2025-03-02,49236.25925208057,66632.69884000001,67565.02767
2025-03-03,51329.72418992486,69954.59884000002,67565.02767
2025-03-04,51239.44935982954,69752.09884000002,67565.02767
2025-03-05,51020.16022636663,69121.37884000002,67565.02767
2025-03-06,51384.0155566937,69475.88884000001,67565.02767
2025-03-07,51486.36211527807,70021.28884000002,67565.02767
2025-03-08,50445.54544516802,69463.46884000002,67565.02767
2025-03-09,51678.14548272659,71111.99884000001,67565.02767
2025-03-10,53692.85963609461,72509.78884000002,67565.02767
2025-03-11,53594.34894273211,71984.81884000002,67565.02767
2025-03-12,54036.5551611758,72121.88884000001,67565.02767
2025-03-13,54224.311577373825,72514.37884000002,67565.02767
2025-03-14,54002.12721037306,72090.83884000001,67565.02767
2025-03-15,53623.623136415816,71861.15884000002,67565.02767
2025-03-16,54088.176127098384,72312.68884000002,67565.02767
2025-03-17,53696.38607739347,71958.89884000001,67565.02767
2025-03-18,53299.046553197084,71911.82884000002,67565.02767
2025-03-19,52074.68289810854,70791.14884000001,67565.02767
2025-03-20,52572.12906810871,71441.57884000002,67565.02767
2025-03-21,52836.39393600593,71603.93884000002,67565.02767
2025-03-22,52525.29604827459,71469.47884000001,67565.02767
2025-03-23,52627.94903783203,71241.77884000001,67565.02767
2025-03-24,51738.785712116965,70564.88884000001,67565.02767
2025-03-25,51936.77506475315,70700.33884000001,67565.02767
2025-03-26,52686.67509285098,71210.00884000002,67565.02767
2025-03-27,52853.94988960337,71262.74884000001,67565.02767
2025-03-28,51627.75706015108,70188.94783000002,69844.21787
2025-03-29,50955.62281981319,69500.74783000001,69844.21787
2025-03-30,50692.754811406245,69297.34783000001,69844.21787
2025-03-31,50888.11872559614,69444.24783000001,69844.21787
2025-04-01,51543.79155239012,70269.74783000001,69844.21787
2025-04-02,50413.134665923775,69172.14783,69844.21787
2025-04-03,50585.92724053389,69392.24783000001,69844.21787
2025-04-04,50406.894978897566,69388.64783,69844.21787
2025-04-05,50319.26990561305,69280.04783000001,69844.21787
2025-04-06,47973.25415172253,67027.54783000001,69844.21787
2025-04-07,47311.80543794149,66750.34783000001,69844.21787
2025-04-08,46822.356909964656,65954.04783000001,69844.21787
2025-04-09,48089.615486827344,67915.04783000001,69844.21787
2025-04-10,46474.11851924365,66442.44783000002,69844.21787
2025-04-11,46143.10210886717,66888.44783,69844.21787
2025-04-12,46926.37665604148,67661.74783000001,69844.21787
2025-04-13,46537.39737714961,67197.54783000001,69844.21787
2025-04-14,46750.69218772705,67457.64783,69844.21787
2025-04-15,46414.71494457285,67107.74783000001,69844.21787
2025-04-16,46130.14115829311,66991.34783000001,69844.21787
2025-04-17,46009.01779869058,67056.14783,69844.21787
2025-04-18,46202.583036180804,67105.94783,69844.21787
2025-04-19,46454.30434189556,67352.64783,69844.21787
2025-04-20,46010.80930254732,67093.54783,69844.21787
2025-04-21,45326.05815726421,67015.64783,69844.21787
2025-04-22,46837.04054500813,68782.54783000001,69844.21787
2025-04-23,47410.91735568018,69170.64783,69844.21787
2025-04-24,46943.25317919806,68916.44783000002,69844.21787
2025-04-25,47056.021654451746,69065.94783,69844.21787
2025-04-26,47643.75914663442,69428.74783000001,69844.21787
2025-04-27,47335.031696470294,69132.84783000001,69844.21787
2025-04-28,47225.63659762372,69218.74783000001,69844.21787
2025-04-29,47335.564722243274,69198.04783000001,69844.21787
2025-04-30,47283.74944854329,69156.04783000001,69844.21787
2025-05-01,47551.88281723291,69601.04783000001,69844.21787
2025-05-02,47543.07659290108,69641.94783000002,69844.21787
2025-05-03,47591.83243679556,69555.14783,69844.21787
2025-05-04,47488.93787403336,69308.54783000001,69844.21787
2025-05-05,47582.70083306583,69421.84783000001,69844.21787
2025-05-06,47127.84573343073,69389.94783000002,69844.21787
2025-05-07,46995.420140068134,69331.04783000001,69844.21787
2025-05-08,52257.658682148634,73293.84783000001,69844.21787
2025-05-09,49825.43468994504,71910.72566,71818.607255
2025-05-10,46727.787552592825,69528.82566,71818.607255
2025-05-11,47402.53460576968,70215.42566000001,71818.607255
2025-05-12,47420.92577409344,70406.42566000001,71818.607255
2025-05-13,45345.51165329066,68564.02566,71818.607255
2025-05-14,45991.67990592153,69263.72566,71818.607255
2025-05-15,46718.36237697532,69874.22566,71818.607255
2025-05-16,46492.37330894185,69773.83956000001,68681.91566
2025-05-17,45816.09365653897,69277.51956000002,68681.91566
2025-05-18,45544.96188873792,69459.11956000002,68681.91566
2025-05-19,46034.25879583375,69701.99956,68681.91566
2025-05-20,45790.64287848555,69670.39956000002,68681.91566
2025-05-21,45685.17838211078,69884.79956000001,68681.91566
2025-05-22,44497.33825062606,68966.66656000001,68639.0919
2025-05-23,45354.486059329574,70073.22656000001,68639.0919
2025-05-24,45366.73357865389,70042.02656,68639.0919
2025-05-25,45296.32936708614,69875.46656,68639.0919
2025-05-26,45211.1917057194,69775.62656,68639.0919
2025-05-27,44017.52283917631,68998.74656,68639.0919
2025-05-28,43626.77745927076,68832.42655999999,68639.0919
2025-05-29,43843.72363426262,69234.10656000001,68639.0919
2025-05-30,44709.403488792224,70034.50656000001,68639.0919
2025-05-31,44831.194765476794,70060.74656,68639.0919
2025-06-01,44678.65960464335,70142.36238,68761.85846
2025-06-02,45453.50896270507,70687.96238000001,68761.85846
2025-06-03,45354.13413563353,70575.56238,68761.85846
2025-06-04,45618.090926841054,70690.12238,68761.85846
2025-06-05,43782.11290610525,69140.76238,68761.85846
2025-06-06,44095.696651514285,69637.48238,68761.85846
2025-06-07,44487.532467288926,70025.72237999999,68761.85846
2025-06-08,44286.93285164599,69907.32238,68761.85846
2025-06-09,45670.54045351028,71269.72237999999,68761.85846
2025-06-10,47276.45519357939,72359.88238,68761.85846
2025-06-11,46954.608383116356,72001.56238,68761.85846
2025-06-12,45820.35798141427,70969.88238,68761.85846
2025-06-13,45015.17372956659,70462.20238,68761.85846
2025-06-14,45363.50713711272,70841.90481,69108.9979
2025-06-15,45180.47812103703,70707.10481,69108.9979
2025-06-16,45385.622119832515,70734.62481000001,69108.9979
2025-06-17,45492.43833105592,71008.38481000002,69108.9979
2025-06-18,45350.11827631756,70887.98481,69108.9979
2025-06-19,45197.56388775786,70849.36981,69481.9179
2025-06-20,43980.87264887312,69932.32981,69481.9179
2025-06-21,42790.31898867056,69046.24981000001,69481.9179
2025-06-22,42123.497853477485,68502.00981,69481.9179
2025-06-23,43731.498925381915,69973.68981000001,69481.9179
2025-06-24,44078.77706651042,70268.00981,69481.9179
2025-06-25,43544.49225812695,70028.32981,69481.9179
2025-06-26,43564.141626333614,70008.08981,69481.9179
2025-06-27,43639.08213598127,70065.76981,69481.9179
2025-06-28,43758.878847781634,70165.36981,69481.9179
2025-06-29,44410.05225621794,70681.12981000001,69481.9179
2025-06-30,44384.96716906609,70564.16980999999,69481.9179
2025-07-01,43590.68701491426,69920.48981,69481.9179
2025-07-02,45190.16152254681,71243.68981000001,69481.9179
2025-07-03,45351.22658218667,71410.40981000001,69481.9179
2025-07-04,44531.64753704305,70744.72981,69481.9179
2025-07-05,44606.094048332736,70811.68981000001,69481.9179
2025-07-06,45137.87914552182,71243.20981,69481.9179
2025-07-07,44911.90255242404,71018.72981,69481.9179
2025-07-08,45720.44084222532,71602.40981000001,69481.9179
2025-07-09,47307.93024711729,72830.32981,69481.9179
2025-07-10,48965.17381445831,74290.72981,69481.9179
2025-07-11,48880.24589896053,74346.16980999999,69481.9179
2025-07-12,48708.48869921282,74226.64981,69481.9179
2025-07-13,48880.30621681079,74456.64981,69481.9179
2025-07-14,49309.581761731824,74789.36981,69481.9179
2025-07-15,51046.312367504994,75783.52981,69481.9179
2025-07-16,53809.47293144477,77651.20981,69481.9179
2025-07-17,55042.84628116231,78495.36981,69481.9179
2025-07-18,56031.31425767843,79055.76981,69481.9179
2025-07-19,56591.88048482979,79416.48981,69481.9179
2025-07-20,58669.06507775797,80733.92981,69481.9179
2025-07-21,58436.59836976699,80688.81974,79262.182445
2025-07-22,58909.93677207807,80785.53974000001,79262.182445
2025-07-23,60227.02994334553,81493.05974000001,79262.182445
2025-07-24,59150.07374608665,81021.15974,79262.182445
2025-07-25,58843.10047482995,80913.03974000001,79262.182445
2025-07-26,58675.41097765172,80816.19974000001,79262.182445
2025-07-27,57227.02160011583,80030.19974000001,79262.182445
2025-07-28,57913.37383492594,80468.79974000002,79262.182445
2025-07-29,57960.79222067363,80500.05974000001,79262.182445
2025-07-30,57755.41199214544,80402.79974000002,79262.182445
2025-07-31,58850.31466067342,81072.45974000002,79262.182445
2025-08-01,61215.212993916684,82333.59974,79262.182445
2025-08-02,62450.20342698239,82899.15974,79262.182445
2025-08-03,61101.757556678465,82282.35974000001,79262.182445
2025-08-04,58060.038128535154,80936.85974000001,79262.182445
2025-08-05,59287.9547902427,81590.79974000002,79262.182445
2025-08-06,58449.591552239755,81162.93974,79262.182445
2025-08-07,55876.622304055374,79800.93974,79262.182445
2025-08-08,54686.12330772396,79205.79974000002,79262.182445
2025-08-09,52023.133742967155,77699.07974000002,79262.182445
2025-08-10,52413.78898323412,77759.37974,79262.182445
2025-08-11,52602.37301902511,77923.47974000001,79262.182445
2025-08-12,49296.51455283551,75719.67974,79262.182445
2025-08-13,48371.44431136144,74766.99974,79262.182445
2025-08-14,49322.0082611719,75981.75974000001,79262.182445
2025-08-15,50078.079109263796,76625.97974000001,79262.182445
2025-08-16,50226.9991467856,76730.85974000001,79262.182445
2025-08-17,49801.56696846521,76428.81974,79262.182445
2025-08-18,50996.26764799247,77384.85974000001,79262.182445
2025-08-19,52747.31963958084,78809.25974000001,79262.182445
2025-08-20,50297.84932437603,77245.83974000001,79262.182445
2025-08-21,51069.78477693627,77910.99974,79262.182445
2025-08-22,45954.41115857186,74270.37974,79262.182445
2025-08-23,46146.38960144366,74592.39974000002,79262.182445
2025-08-24,45923.19630000061,74581.89974000002,79262.182445
2025-08-25,48404.549411037835,77005.71974,79262.182445
2025-08-26,46700.64169896534,75659.01974000002,79262.182445
2025-08-27,47348.19694357445,76222.53974000001,79262.182445
2025-08-28,47451.57001439536,76195.53974000001,79262.182445
2025-08-29,48181.53662993857,77101.71974,79262.182445
2025-08-30,48105.959280038136,77156.23920000001,76179.329745
2025-08-31,48317.738153121434,77246.8892,76179.329745
2025-09-01,47565.4291366611,76860.23920000001,76179.329745
2025-09-02,47453.25654585527,76920.23920000001,76179.329745
2025-09-03,48439.47763599088,77540.03920000001,76179.329745
2025-09-04,47262.02163418482,76775.48920000001,76179.329745
2025-09-05,47030.79864160958,76713.19652000001,75801.716495
2025-09-06,47265.969890757995,76884.74652000002,75801.716495
2025-09-07,47084.496414452005,76719.49652000002,75801.716495
2025-09-08,46848.769732755885,76707.47795000001,75693.923645
2025-09-09,46931.25648033086,76726.07795,75693.923645
2025-09-10,47009.93768012335,76922.22795000001,75693.923645
2025-09-11,47765.50059675035,77469.72795000001,75693.923645
2025-09-12,49805.77083035365,78736.42795000001,75693.923645
2025-09-13,49439.152747720276,78508.27795000002,75693.923645
2025-09-14,48987.81441307585,78198.07795,75693.923645
2025-09-15,49516.281265966085,78587.91451,77116.356295
2025-09-16,49842.35653061022,78700.16451,77116.356295
2025-09-17,49040.71430617803,78253.96451000002,77116.356295
2025-09-18,49121.48438282762,78268.31451000001,77116.356295
2025-09-19,49971.80235780834,78863.66451,77116.356295
2025-09-20,49870.60170577221,78804.51451000001,77116.356295
2025-09-21,49457.79825657424,78613.92328000002,77669.49999499999
2025-09-22,47574.536368930894,77384.47328,77669.49999499999
2025-09-23,47337.283888449085,77210.37328000001,77669.49999499999
2025-09-24,47106.161013158446,77153.12328000001,77669.49999499999
2025-09-25,45119.393786491186,75760.87328000001,77669.49999499999
2025-09-26,46416.111914251946,76550.27328000002,77669.49999499999
2025-09-27,46296.70215635046,76480.97328,77669.49999499999
2025-09-28,47103.06634584389,77099.87328000001,77669.49999499999
2025-09-29,47518.25303146723,77464.42328000002,77669.49999499999
2025-09-30,46937.6102365413,77114.82328000001,77669.49999499999
2025-10-01,48253.63073071812,78129.22328,77669.49999499999
2025-10-02,47098.304423525224,77434.57919000002,76942.329545
2025-10-03,47015.133917621046,77291.97919000001,76942.329545
2025-10-04,47234.44233545101,77420.57919000002,76942.329545
2025-10-05,47111.21495801548,77284.72919000001,76942.329545
2025-10-06,45858.45042693734,76436.27919000002,76942.329545
2025-10-07,47310.663429171094,77617.82919000002,76942.329545
2025-10-08,46841.2013624276,77227.72919000001,76942.329545
2025-10-09,47941.23921273446,78015.87919,76942.329545
2025-10-10,51716.78883409352,80707.72919000001,76942.329545
2025-10-11,50865.87614374266,80198.66003000001,79470.689165
2025-10-12,54866.355695108316,82631.66003000001,79470.689165
2025-10-13,55808.271273588805,83163.02003000001,79470.689165
2025-10-14,54733.44109607351,82468.04003000002,79470.689165
2025-10-15,53420.392997402145,81631.58003000001,79470.689165
2025-10-16,52667.5374649975,81084.98003000002,79470.689165
2025-10-17,52153.658115336875,80707.34003000002,79470.689165
2025-10-18,52703.5831056393,81053.18003000002,79470.689165
2025-10-19,53573.4243145856,81613.40003000002,79470.689165
2025-10-20,53628.15866854216,81621.61229000002,80316.162725
2025-10-21,54565.79755997592,82258.63229000001,80316.162725
2025-10-22,55264.59035392372,82663.75229,80316.162725
2025-10-23,55467.12722116789,83011.22570000001,81309.963185
2025-10-24,56303.72996826169,83557.78570000001,81309.963185
2025-10-25,56469.876001393066,83690.36570000002,81309.963185
2025-10-26,58627.98064237454,85122.84570000002,81309.963185
2025-10-27,58212.91385513048,84854.67570000002,81309.963185
2025-10-28,56651.501306668746,83868.02570000001,81309.963185
2025-10-29,55999.26271123838,83334.55570000001,81309.963185
2025-10-30,54997.00757833576,82649.25570000001,81309.963185
2025-10-31,55382.86824002098,82949.55570000001,81309.963185
2025-11-01,55642.04973516587,83130.01570000002,81309.963185
2025-11-02,55989.08940333866,83359.68570000002,81309.963185
2025-11-03,52771.20845636903,81240.43570000002,81309.963185
2025-11-04,49521.673082049696,79022.97570000001,81309.963185
2025-11-05,50886.81045721744,79983.65570000002,81309.963185
2025-11-06,49854.47753848547,79219.60570000001,81309.963185
2025-11-07,51069.084988201954,80065.97570000001,81309.963185
2025-11-08,50765.46361625482,79824.19570000001,81309.963185
2025-11-09,52661.49575380841,81097.84570000002,81309.963185
2025-11-10,52348.86689108428,80988.57570000002,81309.963185
2025-11-11,50863.12042157349,79937.94570000001,81309.963185
2025-11-12,50972.382440077694,79918.0657,81309.963185
2025-11-13,49014.478264773934,78634.40570000002,81309.963185
2025-11-14,48164.867511371616,77800.42570000002,81309.963185
2025-11-15,48696.55337350799,78188.78570000001,81309.963185
2025-11-16,47997.769029700874,77680.65570000002,81309.963185
2025-11-17,48359.95346817091,78182.16983,76983.522095
2025-11-18,47317.80871230017,77444.40983000002,76983.522095
2025-11-19,48276.330855396576,78229.84983000002,76983.522095
2025-11-20,50025.22789590371,79759.92983000001,76983.522095
2025-11-21,50788.227830014264,80306.88983,76983.522095
2025-11-22,50675.62732421876,80272.72983000001,76983.522095
2025-11-23,50462.04735470253,80016.40983000002,76983.522095
2025-11-24,48484.723792422126,78806.64983000001,76983.522095
2025-11-25,48288.88036926412,78758.80983000001,76983.522095
2025-11-26,47811.00695985799,78221.20983,76983.522095
2025-11-27,48049.48410811088,78311.84983000002,76983.522095
2025-11-28,47800.11241788042,78184.48983,76983.522095
2025-11-29,48298.13312153991,78520.40983000002,76983.522095
2025-11-30,48216.71119231874,78503.60983,76983.522095
2025-12-01,50115.21328903448,80041.12983000002,76983.522095
2025-12-02,47923.978504730156,78465.12983000002,76983.522095
2025-12-03,45812.0697959613,76926.80983000001,76983.522095
2025-12-04,46236.5176005604,77367.60983,76983.522095
2025-12-05,47148.516319706556,78259.44983,76983.522095
2025-12-06,46937.850770298915,78129.20983,76983.522095
2025-12-07,46818.94390479861,77954.88983,76983.522095
2025-12-08,46093.81330400174,77440.40983000002,76983.522095
2025-12-09,44162.02186840846,75889.36983000001,76983.522095
2025-12-10,44014.43686144798,75840.56983000002,76983.522095
2025-12-11,44931.82702010857,76534.56983000002,76983.522095
2025-12-12,46244.579606365674,77754.80983000001,76983.522095
2025-12-13,45895.71888463481,77516.56983000002,76983.522095
2025-12-14,46217.35785915695,77925.68983000002,76983.522095
2025-12-15,47148.00531268702,78714.88983,76983.522095
2025-12-16,47349.86850582484,78735.28983000001,76983.522095
2025-12-17,48748.19569938365,79765.76983,76983.522095
2025-12-18,48721.65510034859,79805.12983000002,76983.522095
2025-12-19,46993.78609574892,78597.68983000002,76983.522095
2025-12-20,46800.77469424668,78576.35136000003,77838.334095
2025-12-21,47057.26778472827,78769.07136000003,77838.334095
2025-12-22,47152.41993757854,78828.83136000001,77838.334095
2025-12-23,46748.26374143233,78473.07136000003,77838.334095
2025-12-24,46512.21953348478,78332.67136000001,77838.334095
2025-12-25,46038.01970695289,77984.51136000002,77838.334095
2025-12-26,46311.94321037193,78176.83136000001,77838.334095
2025-12-27,46505.13270729879,78345.31136000002,77838.334095
2025-12-28,46518.31728916538,78360.19136000003,77838.334095
2025-12-29,46447.2533445713,78256.11136000001,77838.334095
2025-12-30,46727.42019846302,78542.43136000002,77838.334095
2025-12-31,46802.54128343884,78526.03136000002,77838.334095
2026-01-01,47051.86023116482,78786.43136000002,77838.334095
2026-01-02,48386.26882323424,79756.51136000002,77838.334095
2026-01-03,48332.63101288171,79769.79136000003,77838.334095
2026-01-04,48442.91379129581,79910.51136000002,77838.334095
2026-01-05,47581.443263199675,79258.91723000002,79089.178345
2026-01-06,46739.30115620276,78684.11723000003,79089.178345
2026-01-07,47879.86661053613,79709.07723000002,79089.178345
2026-01-08,48584.09710623638,80205.63723000002,79089.178345
2026-01-09,48756.2676029546,80351.63723000002,79089.178345
2026-01-10,48761.34905134812,80365.07723000002,79089.178345
2026-01-11,48358.23919883711,80071.23723000003,79089.178345
2026-01-12,48727.10900329994,80292.83723000003,79089.178345
2026-01-13,46322.85448004367,78452.27723000004,79089.178345
2026-01-14,46173.98782610001,78219.47723000002,79089.178345
2026-01-15,46404.21328854296,78509.31723000002,79089.178345
2026-01-16,46031.566250392236,78342.34113000004,77801.555855
2026-01-17,46229.735051568576,78442.30113000004,77801.555855
2026-01-18,46110.70953810961,78256.59113000004,77801.555855
2026-01-19,45217.12083915829,77595.23113000003,77801.555855
2026-01-20,43035.779715770484,75847.54113000003,77801.555855
2026-01-21,43355.82801926553,76144.27113000004,77801.555855
2026-01-22,43024.65198054363,75937.21113000004,77801.555855
2026-01-23,43059.397452324665,75963.25113000003,77801.555855
2026-01-24,43072.55760641312,75940.92113000003,77801.555855
2026-01-25,41935.10592181194,74986.61113000003,77801.555855
2026-01-26,42925.37965801763,75780.83113000004,77801.555855
2026-01-27,43842.206229101226,76455.77113000004,77801.555855
2026-01-28,43663.88315570891,76343.84113000004,77801.555855
2026-01-29,42235.244160680566,75026.51113000003,77801.555855
2026-01-30,41051.991685778456,74220.04113000003,77801.555855
2026-01-31,39096.28220438991,72432.03113000003,77801.555855
2026-02-01,37430.60634443929,71159.43113000004,77801.555855
2026-02-02,37954.1647960846,71697.52113000004,77801.555855
2026-02-03,37218.56509946022,70904.42113000003,77801.555855
2026-02-04,36755.25191219777,70306.20113000003,77801.555855
2026-02-05,35224.643939046175,68056.19113000002,77801.555855
2026-02-06,35853.011831984695,69712.04113000003,77801.555855
2026-02-07,36352.39584195998,69877.94113000002,77801.555855
2026-02-08,36170.56315408404,69896.56113000003,77801.555855
2026-02-09,36371.51389951952,70003.52113000004,77801.555855
2026-02-10,36893.774221440166,70820.70607000004,69249.030315
2026-02-11,37489.80831566643,71635.60607000004,69249.030315
2026-02-12,37244.5870146821,71568.90607000003,69249.030315
2026-02-13,36493.631904400565,70560.20607000004,69249.030315
2026-02-14,36254.399225565285,70181.50607000003,69249.030315
2026-02-15,37357.63722946739,71381.60607000004,69249.030315
2026-02-16,36980.02326719573,71064.10607000004,69249.030315
2026-02-17,36785.168884990984,71130.80607000004,69249.030315
2026-02-18,37003.64692155151,71488.30607000004,69249.030315
2026-02-19,37192.44487784273,71556.60607000004,69249.030315
2026-02-20,37146.78624819851,71358.60607000004,69249.030315
2026-02-21,37083.33254187301,71313.90607000003,69249.030315
2026-02-22,37205.07705459089,71469.20607000004,69249.030315
2026-02-23,37861.4489402503,72484.40607000003,69249.030315
2026-02-24,37810.07090485372,72426.51717000004,71923.692415
2026-02-25,39809.749357937355,74892.99717000005,71923.692415
2026-02-26,39492.55653829477,74535.39717000004,71923.692415
2026-02-27,38456.0679031067,73361.31717000002,71923.692415
2026-02-28,38718.2206925194,73777.35717000003,71923.692415
2026-03-01,38721.86014002352,74044.26364000005,73049.173585
2026-03-02,38059.40851138669,73080.22364000004,73049.173585
2026-03-03,38530.20157362827,73570.27364000003,73049.173585
2026-03-04,37401.66666774471,71980.99364000003,73049.173585
2026-03-05,37696.45193849079,72579.61364000004,73049.173585
2026-03-06,36961.692490097244,71631.59506000004,71788.919205
2026-03-07,37017.06469243311,71540.69506000003,71788.919205
2026-03-08,36885.3240138596,71215.79506000003,71788.919205
2026-03-09,37043.27977283074,71774.59506000004,71788.919205
2026-03-10,36699.017775005654,71289.57615000004,70844.470865
2026-03-11,36567.25142969395,71119.51615000004,70844.470865
2026-03-12,36631.372597913985,71328.86024000004,70130.94381
2026-03-13,36767.244024992426,71515.86024000004,70130.94381
2026-03-14,36758.412756383186,71555.26024000003,70130.94381
2026-03-15,37382.01788520307,72376.66024000003,70130.94381
2026-03-16,38973.53786890063,74123.36024000004,70130.94381
2026-03-17,38736.866662635744,73767.56024000002,70130.94381
2026-03-18,39445.11691723323,74786.41810000004,72719.098195
2026-03-19,40025.084415055484,75376.63810000004,72719.098195
2026-03-20,40012.211063525465,75300.94810000004,72719.098195
2026-03-21,40535.894951689435,75853.09810000003,72719.098195
2026-03-22,40778.03511663533,76131.91810000004,72719.098195
2026-03-23,39908.65417813269,75248.65810000003,72719.098195
2026-03-24,39790.29001926709,75210.85810000004,72719.098195
2026-03-25,39759.9205907548,75095.74810000003,72719.098195
2026-03-26,40704.355780950995,76073.05810000004,72719.098195
2026-03-27,41234.55693456769,76682.17810000003,72719.098195
2026-03-28,41196.7446550703,76664.26810000004,72719.098195
2026-03-29,41284.63290394239,76755.16810000004,72719.098195
2026-03-30,40787.938336898966,76378.60810000004,72719.098195
2026-03-31,39899.374092863705,75668.05810000004,72719.098195
2026-04-01,39399.40000385522,75353.77810000004,72719.098195
2026-04-02,40266.34503515167,76102.39810000003,72719.098195
2026-04-03,40320.551388002656,76132.45810000005,72719.098195
2026-04-04,40214.119907394954,76027.24810000003,72719.098195
2026-04-05,39891.99670324028,75625.39810000003,72719.098195
2026-04-06,39899.12081115972,75652.48810000005,72719.098195
2026-04-07,38656.51410801401,74456.83810000004,72719.098195
2026-04-08,39091.73686589086,74906.92810000003,72719.098195
2026-04-09,39210.86240960001,74905.12810000003,72719.098195
2026-04-10,38739.433058238654,74411.47810000004,72719.098195
2026-04-11,38284.986272244874,74052.01810000004,72719.098195
2026-04-12,38939.57537116647,74892.07810000004,72719.098195
2026-04-13,37394.47715850905,73291.78810000003,72719.098195
2026-04-14,37827.204855827185,73714.96810000003,72719.098195
2026-04-15,37536.975768900134,73377.37810000003,72719.098195
2026-04-16,37718.13234886431,73483.39810000003,72719.098195
2026-04-17,37298.794314910476,72845.92810000003,72719.098195
2026-04-18,37742.62597713785,73464.04810000004,72719.098195
2026-04-19,38332.34685976732,74247.49810000003,72719.098195
2026-04-20,38106.48364134626,73792.27810000004,72719.098195
2026-04-21,38045.76217126245,73672.66810000004,72719.098195
2026-04-22,38115.64515276703,74087.87665000003,72568.515415
2026-04-23,37633.70344487433,73693.58665000004,72568.515415
2026-04-24,37604.11430829478,73556.15665000003,72568.515415
2026-04-25,37620.65306128818,73596.74665000004,72568.515415
2026-04-26,37983.17967559386,74046.20665000004,72568.515415
2026-04-27,37487.33495798077,73454.27665000004,72568.515415
2026-04-28,37505.71093417969,73326.02665000004,72568.515415
2026-04-29,37211.288966251275,72997.34665000004,72568.515415
2026-04-30,37161.96173196912,73038.83665000004,72568.515415
2026-05-01,37246.808394320506,73381.91665000003,72568.515415
2026-05-02,37399.67053235125,73573.97665000003,72568.515415
2026-05-03,37479.135192140566,73625.09665000004,72568.515415
2026-05-04,37532.50351963376,73845.68665000003,72568.515415
2026-05-05,37514.294140018836,73968.17665000004,72568.515415
2026-05-06,37325.43202521125,73878.80665000004,72568.515415
2026-05-07,36902.70000056455,73340.78665000002,72568.515415
2026-05-08,37043.88707914042,73484.78665000002,72568.515415
2026-05-09,37175.78978423198,73659.20665000004,72568.515415
2026-05-10,37420.46100407432,74062.67665000004,72568.515415
2026-05-11,37152.643096749365,73780.07665000003,72568.515415
2026-05-12,36643.66562802206,73195.88665000003,72568.515415
2026-05-13,36651.463741082516,73049.09665000004,72568.515415
2026-05-14,36633.185202263325,73270.49665000004,72568.515415
2026-05-15,36304.94840643283,72743.18665000003,72568.515415
2026-05-16,35988.21731141223,72348.17665000004,72568.515415
2026-05-17,35568.24742641036,71900.24665000004,72568.515415
2026-05-18,35633.434433417715,71891.96665000003,72568.515415
2026-05-19,35467.34788696206,71728.61665000004,72568.515415
2026-05-20,35533.71125393057,71886.20665000004,72568.515415
2026-05-21,35569.060564558844,71925.08665000004,72568.515415
2026-05-22,35185.335376890114,71313.89665000004,72568.515415
2026-05-23,35527.39990836995,71780.36665000004,72568.515415
2026-05-24,35283.680041559826,71619.89665000004,72568.515415
2026-05-25,35381.22621709679,71738.33665000004,72568.515415
2026-05-26,35192.54431025122,71385.17665000004,72568.515415
2026-05-27,34923.482212557414,70944.80665000004,72568.515415
2026-05-28,34911.66075575541,70810.34665000004,72568.515415
2026-05-29,34989.39899088793,70852.10665000003,72568.515415
2026-05-30,34996.03025874418,70923.20665000004,72568.515415
2026-05-31,34869.035113950114,70784.33665000004,72568.515415
